--
-- PostgreSQL database dump
--

-- Dumped from database version 15.3
-- Dumped by pg_dump version 15.3

SET statement_timeout = 0;
SET lock_timeout = 0;
SET idle_in_transaction_session_timeout = 0;
SET client_encoding = 'UTF8';
SET standard_conforming_strings = on;
SELECT pg_catalog.set_config('search_path', '', false);
SET check_function_bodies = false;
SET xmloption = content;
SET client_min_messages = warning;
SET row_security = off;

SET default_tablespace = '';

SET default_table_access_method = heap;

--
-- Name: auth_group; Type: TABLE; Schema: public; Owner: postgres
--

CREATE TABLE public.auth_group (
    id integer NOT NULL,
    name character varying(150) NOT NULL
);


ALTER TABLE public.auth_group OWNER TO postgres;

--
-- Name: auth_group_id_seq; Type: SEQUENCE; Schema: public; Owner: postgres
--

ALTER TABLE public.auth_group ALTER COLUMN id ADD GENERATED BY DEFAULT AS IDENTITY (
    SEQUENCE NAME public.auth_group_id_seq
    START WITH 1
    INCREMENT BY 1
    NO MINVALUE
    NO MAXVALUE
    CACHE 1
);


--
-- Name: auth_group_permissions; Type: TABLE; Schema: public; Owner: postgres
--

CREATE TABLE public.auth_group_permissions (
    id bigint NOT NULL,
    group_id integer NOT NULL,
    permission_id integer NOT NULL
);


ALTER TABLE public.auth_group_permissions OWNER TO postgres;

--
-- Name: auth_group_permissions_id_seq; Type: SEQUENCE; Schema: public; Owner: postgres
--

ALTER TABLE public.auth_group_permissions ALTER COLUMN id ADD GENERATED BY DEFAULT AS IDENTITY (
    SEQUENCE NAME public.auth_group_permissions_id_seq
    START WITH 1
    INCREMENT BY 1
    NO MINVALUE
    NO MAXVALUE
    CACHE 1
);


--
-- Name: auth_permission; Type: TABLE; Schema: public; Owner: postgres
--

CREATE TABLE public.auth_permission (
    id integer NOT NULL,
    name character varying(255) NOT NULL,
    content_type_id integer NOT NULL,
    codename character varying(100) NOT NULL
);


ALTER TABLE public.auth_permission OWNER TO postgres;

--
-- Name: auth_permission_id_seq; Type: SEQUENCE; Schema: public; Owner: postgres
--

ALTER TABLE public.auth_permission ALTER COLUMN id ADD GENERATED BY DEFAULT AS IDENTITY (
    SEQUENCE NAME public.auth_permission_id_seq
    START WITH 1
    INCREMENT BY 1
    NO MINVALUE
    NO MAXVALUE
    CACHE 1
);


--
-- Name: auth_user; Type: TABLE; Schema: public; Owner: postgres
--

CREATE TABLE public.auth_user (
    id integer NOT NULL,
    password character varying(128) NOT NULL,
    last_login timestamp with time zone,
    is_superuser boolean NOT NULL,
    username character varying(150) NOT NULL,
    first_name character varying(150) NOT NULL,
    last_name character varying(150) NOT NULL,
    email character varying(254) NOT NULL,
    is_staff boolean NOT NULL,
    is_active boolean NOT NULL,
    date_joined timestamp with time zone NOT NULL
);


ALTER TABLE public.auth_user OWNER TO postgres;

--
-- Name: auth_user_groups; Type: TABLE; Schema: public; Owner: postgres
--

CREATE TABLE public.auth_user_groups (
    id bigint NOT NULL,
    user_id integer NOT NULL,
    group_id integer NOT NULL
);


ALTER TABLE public.auth_user_groups OWNER TO postgres;

--
-- Name: auth_user_groups_id_seq; Type: SEQUENCE; Schema: public; Owner: postgres
--

ALTER TABLE public.auth_user_groups ALTER COLUMN id ADD GENERATED BY DEFAULT AS IDENTITY (
    SEQUENCE NAME public.auth_user_groups_id_seq
    START WITH 1
    INCREMENT BY 1
    NO MINVALUE
    NO MAXVALUE
    CACHE 1
);


--
-- Name: auth_user_id_seq; Type: SEQUENCE; Schema: public; Owner: postgres
--

ALTER TABLE public.auth_user ALTER COLUMN id ADD GENERATED BY DEFAULT AS IDENTITY (
    SEQUENCE NAME public.auth_user_id_seq
    START WITH 1
    INCREMENT BY 1
    NO MINVALUE
    NO MAXVALUE
    CACHE 1
);


--
-- Name: auth_user_user_permissions; Type: TABLE; Schema: public; Owner: postgres
--

CREATE TABLE public.auth_user_user_permissions (
    id bigint NOT NULL,
    user_id integer NOT NULL,
    permission_id integer NOT NULL
);


ALTER TABLE public.auth_user_user_permissions OWNER TO postgres;

--
-- Name: auth_user_user_permissions_id_seq; Type: SEQUENCE; Schema: public; Owner: postgres
--

ALTER TABLE public.auth_user_user_permissions ALTER COLUMN id ADD GENERATED BY DEFAULT AS IDENTITY (
    SEQUENCE NAME public.auth_user_user_permissions_id_seq
    START WITH 1
    INCREMENT BY 1
    NO MINVALUE
    NO MAXVALUE
    CACHE 1
);


--
-- Name: base_order; Type: TABLE; Schema: public; Owner: postgres
--

CREATE TABLE public.base_order (
    "paymentMethod" character varying(200),
    "taxPrice" numeric(7,2),
    "shippingPrice" numeric(7,2),
    "totalPrice" numeric(7,2),
    "isPaid" boolean NOT NULL,
    "paidAt" timestamp with time zone,
    "isDelivered" boolean NOT NULL,
    "deliveredAt" timestamp with time zone,
    "createdAt" timestamp with time zone NOT NULL,
    _id integer NOT NULL,
    user_id integer
);


ALTER TABLE public.base_order OWNER TO postgres;

--
-- Name: base_order__id_seq; Type: SEQUENCE; Schema: public; Owner: postgres
--

ALTER TABLE public.base_order ALTER COLUMN _id ADD GENERATED BY DEFAULT AS IDENTITY (
    SEQUENCE NAME public.base_order__id_seq
    START WITH 1
    INCREMENT BY 1
    NO MINVALUE
    NO MAXVALUE
    CACHE 1
);


--
-- Name: base_orderitem; Type: TABLE; Schema: public; Owner: postgres
--

CREATE TABLE public.base_orderitem (
    name character varying(200),
    qty integer,
    price numeric(7,2),
    image character varying(200),
    _id integer NOT NULL,
    order_id integer,
    product_id integer
);


ALTER TABLE public.base_orderitem OWNER TO postgres;

--
-- Name: base_orderitem__id_seq; Type: SEQUENCE; Schema: public; Owner: postgres
--

ALTER TABLE public.base_orderitem ALTER COLUMN _id ADD GENERATED BY DEFAULT AS IDENTITY (
    SEQUENCE NAME public.base_orderitem__id_seq
    START WITH 1
    INCREMENT BY 1
    NO MINVALUE
    NO MAXVALUE
    CACHE 1
);


--
-- Name: base_product; Type: TABLE; Schema: public; Owner: postgres
--

CREATE TABLE public.base_product (
    name character varying(200),
    brand character varying(200),
    category character varying(200),
    description text,
    rating numeric(7,2),
    "numReviews" integer,
    price numeric(7,2),
    "countInStock" integer,
    "createdAt" timestamp with time zone NOT NULL,
    _id integer NOT NULL,
    user_id integer,
    image character varying(100),
    "discountProduct" integer
);


ALTER TABLE public.base_product OWNER TO postgres;

--
-- Name: base_product__id_seq; Type: SEQUENCE; Schema: public; Owner: postgres
--

ALTER TABLE public.base_product ALTER COLUMN _id ADD GENERATED BY DEFAULT AS IDENTITY (
    SEQUENCE NAME public.base_product__id_seq
    START WITH 1
    INCREMENT BY 1
    NO MINVALUE
    NO MAXVALUE
    CACHE 1
);


--
-- Name: base_promocode; Type: TABLE; Schema: public; Owner: postgres
--

CREATE TABLE public.base_promocode (
    "promoCode" character varying(200),
    discount integer,
    id bigint NOT NULL
);


ALTER TABLE public.base_promocode OWNER TO postgres;

--
-- Name: base_promocode_id_seq; Type: SEQUENCE; Schema: public; Owner: postgres
--

ALTER TABLE public.base_promocode ALTER COLUMN id ADD GENERATED BY DEFAULT AS IDENTITY (
    SEQUENCE NAME public.base_promocode_id_seq
    START WITH 1
    INCREMENT BY 1
    NO MINVALUE
    NO MAXVALUE
    CACHE 1
);


--
-- Name: base_review; Type: TABLE; Schema: public; Owner: postgres
--

CREATE TABLE public.base_review (
    name character varying(200),
    rating integer,
    comment text,
    _id integer NOT NULL,
    product_id integer,
    user_id integer,
    "createdAt" timestamp with time zone NOT NULL
);


ALTER TABLE public.base_review OWNER TO postgres;

--
-- Name: base_review__id_seq; Type: SEQUENCE; Schema: public; Owner: postgres
--

ALTER TABLE public.base_review ALTER COLUMN _id ADD GENERATED BY DEFAULT AS IDENTITY (
    SEQUENCE NAME public.base_review__id_seq
    START WITH 1
    INCREMENT BY 1
    NO MINVALUE
    NO MAXVALUE
    CACHE 1
);


--
-- Name: base_shippingaddress; Type: TABLE; Schema: public; Owner: postgres
--

CREATE TABLE public.base_shippingaddress (
    address character varying(200),
    city character varying(200),
    "postalCode" character varying(200),
    country character varying(200),
    "shippingPrice" numeric(7,2),
    _id integer NOT NULL,
    order_id integer
);


ALTER TABLE public.base_shippingaddress OWNER TO postgres;

--
-- Name: base_shippingaddress__id_seq; Type: SEQUENCE; Schema: public; Owner: postgres
--

ALTER TABLE public.base_shippingaddress ALTER COLUMN _id ADD GENERATED BY DEFAULT AS IDENTITY (
    SEQUENCE NAME public.base_shippingaddress__id_seq
    START WITH 1
    INCREMENT BY 1
    NO MINVALUE
    NO MAXVALUE
    CACHE 1
);


--
-- Name: django_admin_log; Type: TABLE; Schema: public; Owner: postgres
--

CREATE TABLE public.django_admin_log (
    id integer NOT NULL,
    action_time timestamp with time zone NOT NULL,
    object_id text,
    object_repr character varying(200) NOT NULL,
    action_flag smallint NOT NULL,
    change_message text NOT NULL,
    content_type_id integer,
    user_id integer NOT NULL,
    CONSTRAINT django_admin_log_action_flag_check CHECK ((action_flag >= 0))
);


ALTER TABLE public.django_admin_log OWNER TO postgres;

--
-- Name: django_admin_log_id_seq; Type: SEQUENCE; Schema: public; Owner: postgres
--

ALTER TABLE public.django_admin_log ALTER COLUMN id ADD GENERATED BY DEFAULT AS IDENTITY (
    SEQUENCE NAME public.django_admin_log_id_seq
    START WITH 1
    INCREMENT BY 1
    NO MINVALUE
    NO MAXVALUE
    CACHE 1
);


--
-- Name: django_content_type; Type: TABLE; Schema: public; Owner: postgres
--

CREATE TABLE public.django_content_type (
    id integer NOT NULL,
    app_label character varying(100) NOT NULL,
    model character varying(100) NOT NULL
);


ALTER TABLE public.django_content_type OWNER TO postgres;

--
-- Name: django_content_type_id_seq; Type: SEQUENCE; Schema: public; Owner: postgres
--

ALTER TABLE public.django_content_type ALTER COLUMN id ADD GENERATED BY DEFAULT AS IDENTITY (
    SEQUENCE NAME public.django_content_type_id_seq
    START WITH 1
    INCREMENT BY 1
    NO MINVALUE
    NO MAXVALUE
    CACHE 1
);


--
-- Name: django_migrations; Type: TABLE; Schema: public; Owner: postgres
--

CREATE TABLE public.django_migrations (
    id bigint NOT NULL,
    app character varying(255) NOT NULL,
    name character varying(255) NOT NULL,
    applied timestamp with time zone NOT NULL
);


ALTER TABLE public.django_migrations OWNER TO postgres;

--
-- Name: django_migrations_id_seq; Type: SEQUENCE; Schema: public; Owner: postgres
--

ALTER TABLE public.django_migrations ALTER COLUMN id ADD GENERATED BY DEFAULT AS IDENTITY (
    SEQUENCE NAME public.django_migrations_id_seq
    START WITH 1
    INCREMENT BY 1
    NO MINVALUE
    NO MAXVALUE
    CACHE 1
);


--
-- Name: django_session; Type: TABLE; Schema: public; Owner: postgres
--

CREATE TABLE public.django_session (
    session_key character varying(40) NOT NULL,
    session_data text NOT NULL,
    expire_date timestamp with time zone NOT NULL
);


ALTER TABLE public.django_session OWNER TO postgres;

--
-- Data for Name: auth_group; Type: TABLE DATA; Schema: public; Owner: postgres
--

COPY public.auth_group (id, name) FROM stdin;
\.


--
-- Data for Name: auth_group_permissions; Type: TABLE DATA; Schema: public; Owner: postgres
--

COPY public.auth_group_permissions (id, group_id, permission_id) FROM stdin;
\.


--
-- Data for Name: auth_permission; Type: TABLE DATA; Schema: public; Owner: postgres
--

COPY public.auth_permission (id, name, content_type_id, codename) FROM stdin;
1	Can add log entry	1	add_logentry
2	Can change log entry	1	change_logentry
3	Can delete log entry	1	delete_logentry
4	Can view log entry	1	view_logentry
5	Can add permission	2	add_permission
6	Can change permission	2	change_permission
7	Can delete permission	2	delete_permission
8	Can view permission	2	view_permission
9	Can add group	3	add_group
10	Can change group	3	change_group
11	Can delete group	3	delete_group
12	Can view group	3	view_group
13	Can add user	4	add_user
14	Can change user	4	change_user
15	Can delete user	4	delete_user
16	Can view user	4	view_user
17	Can add content type	5	add_contenttype
18	Can change content type	5	change_contenttype
19	Can delete content type	5	delete_contenttype
20	Can view content type	5	view_contenttype
21	Can add session	6	add_session
22	Can change session	6	change_session
23	Can delete session	6	delete_session
24	Can view session	6	view_session
25	Can add product	7	add_product
26	Can change product	7	change_product
27	Can delete product	7	delete_product
28	Can view product	7	view_product
29	Can add order item	8	add_orderitem
30	Can change order item	8	change_orderitem
31	Can delete order item	8	delete_orderitem
32	Can view order item	8	view_orderitem
33	Can add shipping address	9	add_shippingaddress
34	Can change shipping address	9	change_shippingaddress
35	Can delete shipping address	9	delete_shippingaddress
36	Can view shipping address	9	view_shippingaddress
37	Can add order	10	add_order
38	Can change order	10	change_order
39	Can delete order	10	delete_order
40	Can view order	10	view_order
41	Can add review	11	add_review
42	Can change review	11	change_review
43	Can delete review	11	delete_review
44	Can view review	11	view_review
45	Can add promo code	12	add_promocode
46	Can change promo code	12	change_promocode
47	Can delete promo code	12	delete_promocode
48	Can view promo code	12	view_promocode
49	Can add category	13	add_category
50	Can change category	13	change_category
51	Can delete category	13	delete_category
52	Can view category	13	view_category
\.


--
-- Data for Name: auth_user; Type: TABLE DATA; Schema: public; Owner: postgres
--

COPY public.auth_user (id, password, last_login, is_superuser, username, first_name, last_name, email, is_staff, is_active, date_joined) FROM stdin;
18	pbkdf2_sha256$600000$Lq1rXxi4S2SS0VdaWz6w4C$xwanBaKAET3urOl/kL3VOtsDGRozSReJKfOh2CRmiUw=	\N	f	tester@email.com	tester		tester@email.com	f	t	2023-07-17 21:17:04.925743+03
20	pbkdf2_sha256$600000$OL4tGTy8CNpwWCv0PsgqAU$t27jXyZ3G0bp4PQwzljH4tCrYkMmSiYiPt/0jySFVyA=	\N	f	maxon@email.com	superuser		maxon@email.com	f	t	2023-07-17 21:18:25.580983+03
1	pbkdf2_sha256$600000$uzLpRHRtrIcgWE8KRKCbYJ$XCEyk7MgsbT1vDTNtHC6UUgxoV/tLnBYmaWZmlBykY0=	2023-07-17 21:11:26.122415+03	t	superuser@email.com	superuser		superuser@email.com	t	t	2023-07-17 18:16:28.046461+03
\.


--
-- Data for Name: auth_user_groups; Type: TABLE DATA; Schema: public; Owner: postgres
--

COPY public.auth_user_groups (id, user_id, group_id) FROM stdin;
\.


--
-- Data for Name: auth_user_user_permissions; Type: TABLE DATA; Schema: public; Owner: postgres
--

COPY public.auth_user_user_permissions (id, user_id, permission_id) FROM stdin;
\.


--
-- Data for Name: base_order; Type: TABLE DATA; Schema: public; Owner: postgres
--

COPY public.base_order ("paymentMethod", "taxPrice", "shippingPrice", "totalPrice", "isPaid", "paidAt", "isDelivered", "deliveredAt", "createdAt", _id, user_id) FROM stdin;
PayPal or Credit Card	5.40	0.00	58.84	t	2023-07-15 01:10:58.491+03	t	2023-07-15 01:10:56.962+03	2023-07-12 15:02:32.384+03	35	1
PayPal or Credit Card	8.10	0.00	98.09	t	2023-07-16 14:02:12.493+03	t	2023-07-16 14:04:47.47+03	2023-07-16 14:01:44.252+03	41	1
PayPal or Credit Card	2.97	10.00	43.66	t	2023-07-16 14:12:15.855+03	t	2023-07-16 14:11:40.845+03	2023-07-16 14:09:48.61+03	42	1
PayPal or Credit Card	8.85	0.00	101.86	f	\N	f	\N	2023-07-18 17:51:21.598423+03	44	1
PayPal or Credit Card	1.17	10.00	24.16	f	\N	f	\N	2023-07-19 00:58:30.759729+03	45	1
\.


--
-- Data for Name: base_orderitem; Type: TABLE DATA; Schema: public; Owner: postgres
--

COPY public.base_orderitem (name, qty, price, image, _id, order_id, product_id) FROM stdin;
Essence tribulus terrestris	1	25.99	/images/pit0.jpg	1	\N	1
OstroVit Fat Burner eXtreme	1	32.99	/images/pit1.png	2	\N	2
Essence tribulus terrestris	1	25.99	/images/pit0.jpg	3	\N	1
OstroVit Fat Burner eXtreme	1	32.99	/images/pit1.png	4	\N	2
Essence tribulus terrestris	1	25.99	/images/pit0.jpg	5	\N	1
OstroVit Fat Burner eXtreme	1	32.99	/images/pit1.png	6	\N	2
Essence tribulus terrestris	1	25.99	/images/pit0.jpg	7	\N	1
OstroVit Fat Burner eXtreme	1	32.99	/images/pit1.png	8	\N	2
Muscle Up ActivLab	2	74.99	/images/pit2.jpg	9	\N	3
C 1000 NaturalSupp	6	24.99	/images/pit4.png	10	\N	5
OstroVit Fat Burner eXtreme	1	32.99	/images/pit1.png	11	\N	2
OstroVit Fat Burner eXtreme	1	32.99	/images/pit1.png	12	\N	2
OstroVit Fat Burner eXtreme	1	32.99	/images/pit1.png	13	\N	2
COENZYME Q10	1	29.99	/images/pit5.jpg	14	\N	6
Muscle Up ActivLab	1	74.99	/images/pit2.jpg	15	\N	3
OstroVit Fat Burner eXtreme	1	32.99	/images/pit1.png	16	\N	2
OstroVit Fat Burner eXtreme	1	32.99	/images/pit1.png	17	\N	2
Muscle Up ActivLab	1	74.99	/images/pit2.jpg	18	\N	3
Whey protein ALL Nutrition	1	89.99	/images/pit3.jpg	19	\N	4
Essence tribulus terrestris	1	25.99	/images/pit0.jpg	20	\N	1
Muscle Up ActivLab	2	74.99	/images/pit2.jpg	21	\N	3
COENZYME Q10	2	29.99	/images/pit5.jpg	22	\N	6
OstroVit Fat Burner eXtreme	2	32.99	/images/pit1.png	23	\N	2
Essence tribulus terrestris	2	25.99	/images/pit0.jpg	24	\N	1
Essence tribulus terrestris	2	25.99	/images/pit0.jpg	25	\N	1
COENZYME Q10	2	29.99	/images/pit5.jpg	26	\N	6
C 1000 NaturalSupp	3	24.99	/images/pit4.png	27	\N	5
OstroVit Fat Burner eXtreme	2	32.99	/images/pit1.png	28	\N	2
Muscle Up ActivLab	1	74.99	/images/pit2.jpg	29	\N	3
OstroVit Fat Burner eXtreme	1	32.99	/images/pit1.png	30	\N	2
Whey protein ALL Nutrition	1	89.99	/images/pit3.jpg	31	\N	4
Whey protein ALL Nutrition	1	89.99	/images/pit3.jpg	32	\N	4
Whey protein ALL Nutrition	1	89.99	/images/pit3.jpg	33	\N	4
Whey protein ALL Nutrition	1	89.99	/images/pit3.jpg	34	\N	4
Whey protein ALL Nutrition	1	89.99	/images/pit3.jpg	35	\N	4
COENZYME Q10	2	29.99	/images/pit5.jpg	36	\N	6
COENZYME Q10	2	29.99	/images/pit5.jpg	38	35	6
C 1000 NaturalSupp	3	24.99	/images/pit4.png	39	\N	5
Whey protein ALL Nutrition	1	89.99	/images/pit3.jpg	40	\N	4
OstroVit Fat Burner eXtreme	1	32.99	/images/pit1.png	41	\N	2
Muscle Up ActivLab	1	74.99	/images/pit2.jpg	43	\N	3
TREC NUTRITION CREATINE MICRONIZED	1	25.49	/images/pit6.jpg	44	\N	13
Whey protein ALL Nutrition	1	89.99	/images/pit3.jpg	37	\N	4
Whey protein ALL Nutrition	1	89.99	/images/pit3.jpg	45	41	4
OstroVit Fat Burner eXtreme	1	32.99	/images/pit1.png	46	42	2
TREC NUTRITION CREATINE MICRONIZED	1	25.49	/images/pit6.jpg	42	\N	13
Muscle Up ActivLab	1	74.99	/images/pit2.jpg	47	\N	3
ISOTONIC FROM ALLNUTRITION	2	16.99	/images/pit14.jpg	48	44	33
DAA Ultra	1	32.99	/images/pit16.jpg	49	44	37
GABA 750	3	25.99	/images/pit15.jpg	50	44	36
OstroVit Spirulina	1	12.99	/images/pit8_sgQ5E0n.png	51	45	19
\.


--
-- Data for Name: base_product; Type: TABLE DATA; Schema: public; Owner: postgres
--

COPY public.base_product (name, brand, category, description, rating, "numReviews", price, "countInStock", "createdAt", _id, user_id, image, "discountProduct") FROM stdin;
CREABON CAPS	STRIMEX SPORTS NUTRITION	Creatine	Creatine from Strimexо sports nutrition directly affects metabolic processes in the body. Thanks to its intake, the gained strength will not be lost later on. This substance increases muscle strength as fluid accumulates in the muscles, making them not only denser but also stronger. Additionally, creatine participates in the respiratory process, as it initiates it at the very beginning phase. Without the supply of creatine to the muscles, it is impossible to increase physical performance. It is advisable to take increased dosages if the workout consists of frequently changing exercises.	2.00	1	29.49	12	2023-07-16 12:48:39.189+03	18	1	pit7.png	0
GAIN BOLIC 6000	OLIMP SPORT NUTRITION	Gainer	GAIN BOLIC 6000 is a high-quality gainer supplement designed to support muscle growth and weight gain. This product is specifically formulated with a powerful blend of nutrients to provide the necessary calories, proteins, carbohydrates, and essential vitamins and minerals required for effective muscle development.	3.00	1	16.99	4	2023-07-17 23:59:49.120548+03	25	1	pit12.jpg	0
ISOTONIC ALLNUTRITION	ALLNUTRITION	Isotonic	The Allnutrition ISOTONIC drink is categorized as an isotonic beverage, meaning it has a similar concentration of dissolved particles (such as electrolytes and carbohydrates) as the human body's cells. This allows for quick absorption and replenishment of fluids, electrolytes, and energy during intense exercise or prolonged physical exertion.	\N	0	16.99	4	2023-07-18 15:58:40.710436+03	33	1	pit14.jpg	0
Whey protein ALL Nutrition	ALLNUTRITION	Protein	Incorporating Whey protein ALL Nutrition into your diet can help you support your fitness goals. Whether you are trying to build muscle or maintain a healthy lifestyle, this supplement is a great choice to help you achieve your goals faster and more efficiently.	3.00	1	89.99	6	2023-06-27 14:18:00.978+03	4	1	pit3.jpg	0
CARNI-X LIQUID 80000	SCITEC NUTRITION	L-Carnitine	CARNI-X LIQUID 80000 is a liquid supplement that contains a high concentration of L-Carnitine. L-Carnitine is a naturally occurring amino acid that plays a vital role in energy metabolism and fat burning. This supplement is designed to support weight loss, enhance athletic performance, and improve overall energy levels. It is commonly used by athletes, bodybuilders, and individuals looking to improve their body composition.	2.00	1	23.89	12	2023-07-18 18:21:50.261108+03	40	1	pit19.jpg	5
CLA SoftGel	TREC NUTRITION	Food Supplement	CLA from Trec Nutrition is a dietary supplement that contains conjugated linoleic acid, a naturally occurring fatty acid found in meat and dairy products. CLA has been studied for its potential benefits in weight management and body composition.	4.50	2	35.99	6	2023-07-16 13:29:10.957+03	22	1	pit10.png	10
C 1000 NaturalSupp	NaturalSupp	Vitamins	This product is made from high-quality ingredients and is free of any harmful additives, making it safe and effective to use. It has been rigorously tested and manufactured according to strict quality standards, ensuring purity, and efficacy.	4.00	2	24.99	9	2023-06-27 14:19:00.037+03	5	1	pit4.png	0
COENZYME Q10	Coenzyme	Vitamins	Coenzyme Q10, or CoQ10, is a powerful antioxidant and essential nutrient that plays a vital role in energy production, heart health, and overall wellbeing. CoQ10 is naturally produced in our bodies, but as we age, our natural production of this coenzyme declines, and we may start to experience symptoms of deficiency.	2.00	1	29.99	12	2023-06-27 14:19:47.944+03	6	1	pit5.jpg	0
Essence tribulus terrestris	Essence	Food Supplement	Essence tribulus terrestris is an excellent choice for people who want to improve their overall wellbeing and enhance their athletic performance. This product is made from high-quality ingredients and is free of harmful additives.	4.00	1	25.99	0	2023-06-26 16:44:26.992+03	1	1	pit0.jpg	0
Muscle Up ActivLab	ActivLab	Protein	Muscle Up ActivLab is a powerful pre-workout supplement designed to help boost your energy, improve your performance, and maximize your results. This supplement contains a highly concentrated formula of ingredients that help to promote muscle growth and support physical endurance during training.	3.00	1	74.99	8	2023-06-27 14:17:10.608+03	3	1	pit2.jpg	0
Matrix Pro 32	OLIMP SPORT NUTRITION	Other	Matrix Pro 32 is a protein bar that provides a high protein content to support muscle growth and recovery. It is a delicious and convenient snack option for athletes, fitness enthusiasts, or anyone looking to increase their protein intake. Each bar is packed with 32 grams of quality protein from sources such as whey protein isolate and milk protein, making it an ideal choice for post-workout recovery or as a protein-rich snack between meals. With its great taste and nutritional profile, Matrix Pro 32 is a satisfying and convenient way to meet your protein needs.	3.00	1	0.99	24	2023-07-19 01:16:14.402439+03	45	1	pit24.jpg	0
Super Omega-3	TREC NUTRITION	Omega-3	Super Omega-3 is a high-quality dietary supplement that provides a potent dose of omega-3 fatty acids. Omega-3 fatty acids are essential fats that play a crucial role in supporting heart health, brain function, and overall well-being. This supplement is derived from premium fish oil sources and is specially formulated to deliver optimal levels of EPA (eicosapentaenoic acid) and DHA (docosahexaenoic acid). Super Omega-3 is a convenient and effective way to ensure you are getting an adequate intake of these important nutrients for optimal health.	4.00	1	24.99	12	2023-07-18 18:26:57.749142+03	41	1	pit20.jpg	15
ISOFASTER	TREC NUTRITION	Isotonic	ISOFASTER is a refreshing and energizing isotonic beverage designed to replenish and hydrate the body during physical activity or times of increased exertion. With a perfect balance of essential electrolytes and carbohydrates, ISOFASTER helps to maintain optimal hydration levels and provide sustained energy.	4.00	1	26.99	10	2023-07-18 18:07:56.815354+03	38	1	pit17.jpg	10
MUSCLE MASS BIOTECH USA	BIOTECHUSA	Gainer	MUSCLE MASS BIOTECH USA is a premium gainer supplement designed to support muscle growth and mass building. This product is specifically formulated with a blend of high-quality ingredients to provide the necessary nutrients and calories required for optimal muscle development.  Ideal for individuals who struggle to gain weight or have difficulty building muscle, MUSCLE MASS BIOTECH USA offers a convenient and effective solution. Each serving of this gainer supplement is packed with a balanced ratio of carbohydrates, proteins, and healthy fats, along with essential vitamins and minerals to support overall muscle health.	\N	0	29.99	6	2023-07-17 23:56:40.438806+03	24	1	pit11.png	0
Nutrend Mass Gain	Nutrend	Gainer	Nutrend Mass Gain is a nutritional supplement designed to support muscle growth and weight gain. It is formulated with a combination of high-quality protein, carbohydrates, and essential nutrients to provide the body with the necessary building blocks for muscle development.	4.50	2	46.49	12	2023-07-18 04:47:30.724614+03	31	1	pit13.jpg	0
DAA Ultra	TREC NUTRITION	Food Supplement	DAA Ultra is a powerful dietary supplement that contains D-Aspartic Acid (DAA) as its key ingredient. DAA is a naturally occurring amino acid that plays a crucial role in the production and regulation of testosterone in the body.\n\nThis supplement is designed to support testosterone levels, which can have a significant impact on muscle growth, strength, and overall athletic performance. By increasing testosterone production, DAA Ultra may help to enhance muscle protein synthesis, leading to improved muscle mass and strength gains.	5.00	2	32.99	5	2023-07-18 16:27:39.714427+03	37	1	pit16.jpg	25
Scitec Nutrition Re Style	SCITEC NUTRITION	Food Supplement	Scitec Nutrition Re-Style is a dietary supplement designed to support weight management and overall body composition. It contains a blend of ingredients such as green tea extract, caffeine, L-carnitine, and chromium, which may help boost metabolism, increase energy levels, and promote fat burning. This product is intended to be used alongside a healthy diet and exercise routine to aid in achieving weight loss goals.	\N	0	24.99	4	2023-07-19 01:06:16.546853+03	43	1	pit22.jpg	10
Thermo Drine Liquid	BIOTECHUSA	L-Carnitine	Thermo Drine Liquid contains a blend of potent ingredients that work synergistically to stimulate the body's thermogenic response. This thermogenesis increases the body's core temperature, leading to an accelerated metabolic rate and increased calorie burning. This can help you achieve your weight loss goals by supporting fat loss and enhancing overall energy expenditure.	\N	0	32.99	9	2023-07-18 18:15:24.623398+03	39	1	pit18.jpg	0
OLIMP Protein Bar	OLIMP SPORT NUTRITION	Other	OLIMP Protein Bar is a delicious and convenient snack that provides a high protein content to support muscle growth and recovery. Each bar is packed with quality protein sources, including whey protein isolate and milk protein, to help fuel your body and satisfy hunger cravings. These bars are also enriched with essential vitamins and minerals, making them a nutritious option for athletes, fitness enthusiasts, or anyone looking for a healthy on-the-go snack. Whether you need a quick post-workout refuel or a protein-packed treat between meals, OLIMP Protein Bar is a tasty and convenient choice.	3.00	1	1.99	66	2023-07-19 01:12:54.947846+03	44	1	pit23.jpg	0
QNT LIGHT DIGEST WHEY PROTEIN	 QNT QUALITY NUTRITION TECHNOLOGY	Protein	QNT LIGHT DIGEST WHEY PROTEIN is a premium whey protein supplement designed to support muscle recovery and growth. This protein powder is formulated with a blend of high-quality whey protein isolate and whey protein concentrate, which provides a fast-digesting and easily absorbed source of protein. The unique digestive enzyme blend included in this formula helps to enhance digestion and minimize any potential digestive discomfort.	3.00	1	32.49	6	2023-07-16 13:22:38.11+03	21	1	pit9_QcqfRWC.jpg	0
CREATINE MICRONIZED	TREC NUTRITION	Creatine	TREC NUTRITION CREATINE MICRONIZED 200 MESH+TAURINE is a dietary supplement that combines the benefits of creatine and taurine. Creatine is a popular supplement known for its ability to enhance athletic performance and promote muscle growth. Taurine is an amino acid that supports cardiovascular health, muscle function, and overall well-being. With a micronized 200 mesh formula, this product is designed to provide maximum absorption and effectiveness. It can be used by athletes, bodybuilders, and fitness enthusiasts looking to improve their physical performance and achieve their fitness goals.	3.00	1	25.49	3	2023-07-14 15:21:47.511+03	13	1	pit6.jpg	0
OstroVit Fat Burner eXtreme	OstroVit	Food Supplement	OstroVit Fat Burner eXtreme is a highly effective food supplement designed to support weight loss and help you reach your fitness goals. This product contains a powerful blend of ingredients that work together to boost your metabolism, increase energy levels, and promote fat burning.	4.00	3	32.99	0	2023-06-27 14:16:12.366+03	2	1	pit1.png	0
GABA 750	TREC NUTRITION	Food Supplement	GABA 750 is a dietary supplement that contains 750mg of Gamma-Aminobutyric Acid (GABA) per serving. GABA is a naturally occurring neurotransmitter in the brain that helps to regulate neuronal excitability. It plays a crucial role in promoting relaxation and reducing anxiety.\n	5.00	1	25.99	3	2023-07-18 16:19:38.903307+03	36	1	pit15.jpg	50
80 WHEY PROTEIN	6PAK NUTRITION	Protein	6PAK NUTRITION 80 WHEY PROTEIN is a high-quality protein supplement designed to support muscle recovery and growth. It contains 80% whey protein, which is quickly absorbed by the body to deliver essential amino acids to the muscles. This protein powder is ideal for athletes and fitness enthusiasts looking to enhance their protein intake and optimize their workout results. With its delicious flavors and easy mixability, 6PAK NUTRITION 80 WHEY PROTEIN is a convenient and effective way to fuel your muscles and achieve your fitness goals.	3.00	1	69.69	4	2023-07-19 03:25:08.57347+03	48	1	pit26.jpg	45
 Omega-3-6-9	TREC NUTRITION	Omega-3	Omega-3-6-9 is a comprehensive dietary supplement that combines the benefits of omega-3, omega-6, and omega-9 fatty acids. These fatty acids are essential for maintaining overall health and well-being. Omega-3 fatty acids, such as EPA and DHA, are known for their anti-inflammatory properties and support cardiovascular health. Omega-6 fatty acids, like linoleic acid, play a role in brain function and hormone regulation. Omega-9 fatty acids, such as oleic acid, are beneficial for heart health and can help reduce inflammation. By including all three types of fatty acids in one supplement, Omega-3-6-9 provides a convenient way to support multiple aspects of your health and promote a balanced diet.	\N	0	39.99	3	2023-07-19 00:51:26.809891+03	42	1	pit21.png	0
OstroVit Spirulina	OstroVit	Vitamins	OstroVit Spirulina is a high-quality dietary supplement derived from the blue-green algae known as spirulina. Packed with essential nutrients, vitamins, and minerals, this superfood is renowned for its numerous health benefits. By incorporating OstroVit Spirulina into your daily routine, you can support your immune system, boost energy levels, and promote overall well-being. This supplement is rich in antioxidants, which help combat oxidative stress and support cellular health. It is also a great source of plant-based protein, making it an excellent choice for vegetarians and vegans. Give your body a natural and nutrient-packed boost with OstroVit Spirulina for optimal health and vitality.	\N	0	12.99	22	2023-07-16 12:51:16.873+03	19	1	pit8_sgQ5E0n.png	0
UNS Collagen Plus	UNS SUPPLEMENTS	Collagen	UNS Collagen Plus is a dietary supplement that combines the benefits of collagen with other essential nutrients to support healthy skin, hair, nails, and joints. This collagen formula is enriched with vitamins, minerals, and antioxidants to promote overall wellness and vitality. By providing the body with collagen, a key protein that supports the structure and elasticity of connective tissues, UNS Collagen Plus helps to improve skin elasticity, strengthen hair and nails, and maintain joint health. This convenient supplement is an excellent choice for those looking to enhance their beauty and support their overall well-being.	5.00	1	19.99	0	2023-07-19 01:20:28.975808+03	46	1	pit25.jpg	25
\.


--
-- Data for Name: base_promocode; Type: TABLE DATA; Schema: public; Owner: postgres
--

COPY public.base_promocode ("promoCode", discount, id) FROM stdin;
tester	15	1
superdisc	25	10
test	5	11
q	23	22
\.


--
-- Data for Name: base_review; Type: TABLE DATA; Schema: public; Owner: postgres
--

COPY public.base_review (name, rating, comment, _id, product_id, user_id, "createdAt") FROM stdin;
SuperUser	3	good product	1	2	1	2023-07-15 16:04:17.768+03
SuperUser	3	It was OK!	6	5	1	2023-07-16 01:50:00.293+03
tester	4	It was very nice\n	3	2	\N	2023-07-15 16:49:19.138+03
tester	4	Enjoyed it!	8	1	\N	2023-07-16 15:07:22.851+03
maxon	5	I liked it!	2	2	\N	2023-07-15 16:24:12.222+03
superuser	5	It's Amazing!!!	11	31	1	2023-07-18 15:30:26.341754+03
superuser	3	Enjoyed it, helped a bit	12	21	1	2023-07-18 15:30:54.279255+03
superuser	4	Superb!	13	22	1	2023-07-18 15:31:12.36215+03
tester	4	It was so helpful\n	14	31	18	2023-07-18 15:32:01.273389+03
superuser	2	Not so good	15	18	1	2023-07-18 15:38:50.170478+03
superuser	3	It's ok	16	25	1	2023-07-18 15:42:15.238521+03
superuser	5	1	17	37	1	2023-07-18 17:59:16.958817+03
superuser	3	Nice	18	13	1	2023-07-18 18:03:20.369964+03
superuser	3	Ok I guess	19	4	1	2023-07-18 18:04:16.529266+03
superuser	3	Fairly tasty	20	45	1	2023-07-19 01:37:52.458362+03
superuser	3	Ok	21	3	1	2023-07-19 01:43:55.513627+03
superuser	4	Very nice, love it	22	41	1	2023-07-19 01:44:17.304192+03
superuser	2	Meh	23	6	1	2023-07-19 01:44:46.594035+03
superuser	5	Incredible!	24	46	1	2023-07-19 01:45:19.688239+03
superuser	4	Very energizing!	25	38	1	2023-07-19 01:46:14.640877+03
tester	5	Love it wow	26	22	18	2023-07-19 01:51:38.427079+03
tester	5	Excellent product!	27	37	18	2023-07-19 01:53:03.876205+03
tester	3	Nice bars	28	44	18	2023-07-19 03:15:58.50325+03
tester	2	Not good, not entirely awful	29	40	18	2023-07-19 03:22:43.149022+03
superuser	3	Ok ok ok ok	30	48	1	2023-07-19 03:26:48.445187+03
superuser	5	Excellent!	31	36	1	2023-07-19 03:27:36.621848+03
tester	5	Helped me a lot!	32	5	18	2023-07-19 03:28:40.59947+03
\.


--
-- Data for Name: base_shippingaddress; Type: TABLE DATA; Schema: public; Owner: postgres
--

COPY public.base_shippingaddress (address, city, "postalCode", country, "shippingPrice", _id, order_id) FROM stdin;
fsd	Minsk	123	Italy	\N	34	35
fsd	Minsk	123	Italy	\N	40	41
fsd	Minsk	123	Italy	\N	41	42
fsd	Minsk	123	Italy	\N	43	44
fsd	Minsk	123	Italy	\N	44	45
\.


--
-- Data for Name: django_admin_log; Type: TABLE DATA; Schema: public; Owner: postgres
--

COPY public.django_admin_log (id, action_time, object_id, object_repr, action_flag, change_message, content_type_id, user_id) FROM stdin;
2	2023-07-17 21:12:11.521001+03	16	tester@email.com	1	[{"added": {}}]	4	1
3	2023-07-17 21:12:28.295306+03	16	tester@email.com	2	[{"changed": {"fields": ["First name"]}}]	4	1
4	2023-07-17 21:13:25.43108+03	16	tester@email.com	2	[]	4	1
5	2023-07-17 21:13:43.031678+03	17	tester1@email.com	1	[{"added": {}}]	4	1
6	2023-07-17 21:14:12.366944+03	17	tester1@email.com	2	[{"changed": {"fields": ["First name"]}}]	4	1
\.


--
-- Data for Name: django_content_type; Type: TABLE DATA; Schema: public; Owner: postgres
--

COPY public.django_content_type (id, app_label, model) FROM stdin;
1	admin	logentry
2	auth	permission
3	auth	group
4	auth	user
5	contenttypes	contenttype
6	sessions	session
7	base	product
8	base	orderitem
9	base	shippingaddress
10	base	order
11	base	review
12	base	promocode
13	base	category
\.


--
-- Data for Name: django_migrations; Type: TABLE DATA; Schema: public; Owner: postgres
--

COPY public.django_migrations (id, app, name, applied) FROM stdin;
1	contenttypes	0001_initial	2023-07-17 15:18:10.092827+03
2	auth	0001_initial	2023-07-17 15:18:10.168892+03
3	admin	0001_initial	2023-07-17 15:18:10.188897+03
4	admin	0002_logentry_remove_auto_add	2023-07-17 15:18:10.195897+03
5	admin	0003_logentry_add_action_flag_choices	2023-07-17 15:18:10.201902+03
6	contenttypes	0002_remove_content_type_name	2023-07-17 15:18:10.214904+03
7	auth	0002_alter_permission_name_max_length	2023-07-17 15:18:10.221903+03
8	auth	0003_alter_user_email_max_length	2023-07-17 15:18:10.228905+03
9	auth	0004_alter_user_username_opts	2023-07-17 15:18:10.234907+03
10	auth	0005_alter_user_last_login_null	2023-07-17 15:18:10.241908+03
11	auth	0006_require_contenttypes_0002	2023-07-17 15:18:10.24491+03
12	auth	0007_alter_validators_add_error_messages	2023-07-17 15:18:10.25091+03
13	auth	0008_alter_user_username_max_length	2023-07-17 15:18:10.264538+03
14	auth	0009_alter_user_last_name_max_length	2023-07-17 15:18:10.270536+03
15	auth	0010_alter_group_name_max_length	2023-07-17 15:18:10.279538+03
16	auth	0011_update_proxy_permissions	2023-07-17 15:18:10.284538+03
17	auth	0012_alter_user_first_name_max_length	2023-07-17 15:18:10.291541+03
24	base	0001_initial	2023-07-17 17:39:37.619557+03
25	base	0002_order_shippingaddress_review_orderitem	2023-07-17 17:39:37.684572+03
26	base	0003_product_image	2023-07-17 17:39:37.691576+03
27	base	0004_promocode	2023-07-17 17:39:37.698575+03
28	base	0007_alter_product_image	2023-07-17 17:39:37.705579+03
29	base	0008_review_createdat	2023-07-17 17:39:37.714673+03
30	base	0009_remove_promocode__id_promocode_id	2023-07-17 17:41:17.510421+03
31	sessions	0001_initial	2023-07-17 17:41:17.527416+03
32	base	0010_product_discountproduct	2023-07-18 16:44:08.96279+03
\.


--
-- Data for Name: django_session; Type: TABLE DATA; Schema: public; Owner: postgres
--

COPY public.django_session (session_key, session_data, expire_date) FROM stdin;
lk0lcdb53mki99zjbyod7upydgl1a643	.eJxVjMsOwiAQRf-FtSFAGQdcuvcbyAwPqZo2Ke3K-O_SpAvdnnPufYtA21rD1vISxiQuQovTL2OKzzztIj1ous8yztO6jCz3RB62yduc8ut6tH8HlVrta3DOacM2AqHXJiMSmAKAWBxyIVtUoTNYHyOqjofiWVnA3jgeOIrPF8d0N2A:1qLPxw:Iebj8tTJke_wY1Z4sj-ejEKLn3rB-GGiEpEYzYHipkM	2023-07-31 18:16:48.583218+03
9pbxjotihuvgwoejv957cad5fp6oc5n5	.eJxVjEEOwiAQRe_C2hAGqIMu3XsGwjCDVA1NSrsy3l2bdKHb_977LxXTutS4dpnjyOqsUB1-N0r5IW0DfE_tNuk8tWUeSW-K3mnX14nledndv4Oaev3WFDCIDOg8WPSmFGZIBpyzhYiLD5jFJxB2ZCwNDhwcAXM4AZaQC6v3B-bAN_8:1qGgD5:lUPiING_7FocsyUv-V-wF8RzlATMYskEhoaNOI6WyEw	2023-07-18 16:36:51.349+03
ocnfos2wdp84ams80wrdthcdayxhjlz5	.eJxVjMsOwiAQRf-FtSFAGQdcuvcbyAwPqZo2Ke3K-O_SpAvdnnPufYtA21rD1vISxiQuQovTL2OKzzztIj1ous8yztO6jCz3RB62yduc8ut6tH8HlVrta3DOacM2AqHXJiMSmAKAWBxyIVtUoTNYHyOqjofiWVnA3jgeOIrPF8d0N2A:1qLSgw:yjX8TWdqGaqUhqyVjz8zzw5UyGecZe8hFgoO8XTvCcs	2023-07-31 21:11:26.124421+03
\.


--
-- Name: auth_group_id_seq; Type: SEQUENCE SET; Schema: public; Owner: postgres
--

SELECT pg_catalog.setval('public.auth_group_id_seq', 1, false);


--
-- Name: auth_group_permissions_id_seq; Type: SEQUENCE SET; Schema: public; Owner: postgres
--

SELECT pg_catalog.setval('public.auth_group_permissions_id_seq', 1, false);


--
-- Name: auth_permission_id_seq; Type: SEQUENCE SET; Schema: public; Owner: postgres
--

SELECT pg_catalog.setval('public.auth_permission_id_seq', 52, true);


--
-- Name: auth_user_groups_id_seq; Type: SEQUENCE SET; Schema: public; Owner: postgres
--

SELECT pg_catalog.setval('public.auth_user_groups_id_seq', 1, false);


--
-- Name: auth_user_id_seq; Type: SEQUENCE SET; Schema: public; Owner: postgres
--

SELECT pg_catalog.setval('public.auth_user_id_seq', 21, true);


--
-- Name: auth_user_user_permissions_id_seq; Type: SEQUENCE SET; Schema: public; Owner: postgres
--

SELECT pg_catalog.setval('public.auth_user_user_permissions_id_seq', 1, false);


--
-- Name: base_order__id_seq; Type: SEQUENCE SET; Schema: public; Owner: postgres
--

SELECT pg_catalog.setval('public.base_order__id_seq', 45, true);


--
-- Name: base_orderitem__id_seq; Type: SEQUENCE SET; Schema: public; Owner: postgres
--

SELECT pg_catalog.setval('public.base_orderitem__id_seq', 51, true);


--
-- Name: base_product__id_seq; Type: SEQUENCE SET; Schema: public; Owner: postgres
--

SELECT pg_catalog.setval('public.base_product__id_seq', 48, true);


--
-- Name: base_promocode_id_seq; Type: SEQUENCE SET; Schema: public; Owner: postgres
--

SELECT pg_catalog.setval('public.base_promocode_id_seq', 22, true);


--
-- Name: base_review__id_seq; Type: SEQUENCE SET; Schema: public; Owner: postgres
--

SELECT pg_catalog.setval('public.base_review__id_seq', 32, true);


--
-- Name: base_shippingaddress__id_seq; Type: SEQUENCE SET; Schema: public; Owner: postgres
--

SELECT pg_catalog.setval('public.base_shippingaddress__id_seq', 44, true);


--
-- Name: django_admin_log_id_seq; Type: SEQUENCE SET; Schema: public; Owner: postgres
--

SELECT pg_catalog.setval('public.django_admin_log_id_seq', 6, true);


--
-- Name: django_content_type_id_seq; Type: SEQUENCE SET; Schema: public; Owner: postgres
--

SELECT pg_catalog.setval('public.django_content_type_id_seq', 13, true);


--
-- Name: django_migrations_id_seq; Type: SEQUENCE SET; Schema: public; Owner: postgres
--

SELECT pg_catalog.setval('public.django_migrations_id_seq', 32, true);


--
-- Name: auth_group auth_group_name_key; Type: CONSTRAINT; Schema: public; Owner: postgres
--

ALTER TABLE ONLY public.auth_group
    ADD CONSTRAINT auth_group_name_key UNIQUE (name);


--
-- Name: auth_group_permissions auth_group_permissions_group_id_permission_id_0cd325b0_uniq; Type: CONSTRAINT; Schema: public; Owner: postgres
--

ALTER TABLE ONLY public.auth_group_permissions
    ADD CONSTRAINT auth_group_permissions_group_id_permission_id_0cd325b0_uniq UNIQUE (group_id, permission_id);


--
-- Name: auth_group_permissions auth_group_permissions_pkey; Type: CONSTRAINT; Schema: public; Owner: postgres
--

ALTER TABLE ONLY public.auth_group_permissions
    ADD CONSTRAINT auth_group_permissions_pkey PRIMARY KEY (id);


--
-- Name: auth_group auth_group_pkey; Type: CONSTRAINT; Schema: public; Owner: postgres
--

ALTER TABLE ONLY public.auth_group
    ADD CONSTRAINT auth_group_pkey PRIMARY KEY (id);


--
-- Name: auth_permission auth_permission_content_type_id_codename_01ab375a_uniq; Type: CONSTRAINT; Schema: public; Owner: postgres
--

ALTER TABLE ONLY public.auth_permission
    ADD CONSTRAINT auth_permission_content_type_id_codename_01ab375a_uniq UNIQUE (content_type_id, codename);


--
-- Name: auth_permission auth_permission_pkey; Type: CONSTRAINT; Schema: public; Owner: postgres
--

ALTER TABLE ONLY public.auth_permission
    ADD CONSTRAINT auth_permission_pkey PRIMARY KEY (id);


--
-- Name: auth_user_groups auth_user_groups_pkey; Type: CONSTRAINT; Schema: public; Owner: postgres
--

ALTER TABLE ONLY public.auth_user_groups
    ADD CONSTRAINT auth_user_groups_pkey PRIMARY KEY (id);


--
-- Name: auth_user_groups auth_user_groups_user_id_group_id_94350c0c_uniq; Type: CONSTRAINT; Schema: public; Owner: postgres
--

ALTER TABLE ONLY public.auth_user_groups
    ADD CONSTRAINT auth_user_groups_user_id_group_id_94350c0c_uniq UNIQUE (user_id, group_id);


--
-- Name: auth_user auth_user_pkey; Type: CONSTRAINT; Schema: public; Owner: postgres
--

ALTER TABLE ONLY public.auth_user
    ADD CONSTRAINT auth_user_pkey PRIMARY KEY (id);


--
-- Name: auth_user_user_permissions auth_user_user_permissions_pkey; Type: CONSTRAINT; Schema: public; Owner: postgres
--

ALTER TABLE ONLY public.auth_user_user_permissions
    ADD CONSTRAINT auth_user_user_permissions_pkey PRIMARY KEY (id);


--
-- Name: auth_user_user_permissions auth_user_user_permissions_user_id_permission_id_14a6b632_uniq; Type: CONSTRAINT; Schema: public; Owner: postgres
--

ALTER TABLE ONLY public.auth_user_user_permissions
    ADD CONSTRAINT auth_user_user_permissions_user_id_permission_id_14a6b632_uniq UNIQUE (user_id, permission_id);


--
-- Name: auth_user auth_user_username_key; Type: CONSTRAINT; Schema: public; Owner: postgres
--

ALTER TABLE ONLY public.auth_user
    ADD CONSTRAINT auth_user_username_key UNIQUE (username);


--
-- Name: base_order base_order_pkey; Type: CONSTRAINT; Schema: public; Owner: postgres
--

ALTER TABLE ONLY public.base_order
    ADD CONSTRAINT base_order_pkey PRIMARY KEY (_id);


--
-- Name: base_orderitem base_orderitem_pkey; Type: CONSTRAINT; Schema: public; Owner: postgres
--

ALTER TABLE ONLY public.base_orderitem
    ADD CONSTRAINT base_orderitem_pkey PRIMARY KEY (_id);


--
-- Name: base_product base_product_pkey; Type: CONSTRAINT; Schema: public; Owner: postgres
--

ALTER TABLE ONLY public.base_product
    ADD CONSTRAINT base_product_pkey PRIMARY KEY (_id);


--
-- Name: base_promocode base_promocode_pkey; Type: CONSTRAINT; Schema: public; Owner: postgres
--

ALTER TABLE ONLY public.base_promocode
    ADD CONSTRAINT base_promocode_pkey PRIMARY KEY (id);


--
-- Name: base_review base_review_pkey; Type: CONSTRAINT; Schema: public; Owner: postgres
--

ALTER TABLE ONLY public.base_review
    ADD CONSTRAINT base_review_pkey PRIMARY KEY (_id);


--
-- Name: base_shippingaddress base_shippingaddress_order_id_key; Type: CONSTRAINT; Schema: public; Owner: postgres
--

ALTER TABLE ONLY public.base_shippingaddress
    ADD CONSTRAINT base_shippingaddress_order_id_key UNIQUE (order_id);


--
-- Name: base_shippingaddress base_shippingaddress_pkey; Type: CONSTRAINT; Schema: public; Owner: postgres
--

ALTER TABLE ONLY public.base_shippingaddress
    ADD CONSTRAINT base_shippingaddress_pkey PRIMARY KEY (_id);


--
-- Name: django_admin_log django_admin_log_pkey; Type: CONSTRAINT; Schema: public; Owner: postgres
--

ALTER TABLE ONLY public.django_admin_log
    ADD CONSTRAINT django_admin_log_pkey PRIMARY KEY (id);


--
-- Name: django_content_type django_content_type_app_label_model_76bd3d3b_uniq; Type: CONSTRAINT; Schema: public; Owner: postgres
--

ALTER TABLE ONLY public.django_content_type
    ADD CONSTRAINT django_content_type_app_label_model_76bd3d3b_uniq UNIQUE (app_label, model);


--
-- Name: django_content_type django_content_type_pkey; Type: CONSTRAINT; Schema: public; Owner: postgres
--

ALTER TABLE ONLY public.django_content_type
    ADD CONSTRAINT django_content_type_pkey PRIMARY KEY (id);


--
-- Name: django_migrations django_migrations_pkey; Type: CONSTRAINT; Schema: public; Owner: postgres
--

ALTER TABLE ONLY public.django_migrations
    ADD CONSTRAINT django_migrations_pkey PRIMARY KEY (id);


--
-- Name: django_session django_session_pkey; Type: CONSTRAINT; Schema: public; Owner: postgres
--

ALTER TABLE ONLY public.django_session
    ADD CONSTRAINT django_session_pkey PRIMARY KEY (session_key);


--
-- Name: auth_group_name_a6ea08ec_like; Type: INDEX; Schema: public; Owner: postgres
--

CREATE INDEX auth_group_name_a6ea08ec_like ON public.auth_group USING btree (name varchar_pattern_ops);


--
-- Name: auth_group_permissions_group_id_b120cbf9; Type: INDEX; Schema: public; Owner: postgres
--

CREATE INDEX auth_group_permissions_group_id_b120cbf9 ON public.auth_group_permissions USING btree (group_id);


--
-- Name: auth_group_permissions_permission_id_84c5c92e; Type: INDEX; Schema: public; Owner: postgres
--

CREATE INDEX auth_group_permissions_permission_id_84c5c92e ON public.auth_group_permissions USING btree (permission_id);


--
-- Name: auth_permission_content_type_id_2f476e4b; Type: INDEX; Schema: public; Owner: postgres
--

CREATE INDEX auth_permission_content_type_id_2f476e4b ON public.auth_permission USING btree (content_type_id);


--
-- Name: auth_user_groups_group_id_97559544; Type: INDEX; Schema: public; Owner: postgres
--

CREATE INDEX auth_user_groups_group_id_97559544 ON public.auth_user_groups USING btree (group_id);


--
-- Name: auth_user_groups_user_id_6a12ed8b; Type: INDEX; Schema: public; Owner: postgres
--

CREATE INDEX auth_user_groups_user_id_6a12ed8b ON public.auth_user_groups USING btree (user_id);


--
-- Name: auth_user_user_permissions_permission_id_1fbb5f2c; Type: INDEX; Schema: public; Owner: postgres
--

CREATE INDEX auth_user_user_permissions_permission_id_1fbb5f2c ON public.auth_user_user_permissions USING btree (permission_id);


--
-- Name: auth_user_user_permissions_user_id_a95ead1b; Type: INDEX; Schema: public; Owner: postgres
--

CREATE INDEX auth_user_user_permissions_user_id_a95ead1b ON public.auth_user_user_permissions USING btree (user_id);


--
-- Name: auth_user_username_6821ab7c_like; Type: INDEX; Schema: public; Owner: postgres
--

CREATE INDEX auth_user_username_6821ab7c_like ON public.auth_user USING btree (username varchar_pattern_ops);


--
-- Name: base_order_user_id_8ad0adec; Type: INDEX; Schema: public; Owner: postgres
--

CREATE INDEX base_order_user_id_8ad0adec ON public.base_order USING btree (user_id);


--
-- Name: base_orderitem_order_id_aaa7f08a; Type: INDEX; Schema: public; Owner: postgres
--

CREATE INDEX base_orderitem_order_id_aaa7f08a ON public.base_orderitem USING btree (order_id);


--
-- Name: base_orderitem_product_id_397c77c4; Type: INDEX; Schema: public; Owner: postgres
--

CREATE INDEX base_orderitem_product_id_397c77c4 ON public.base_orderitem USING btree (product_id);


--
-- Name: base_product_user_id_95204f5a; Type: INDEX; Schema: public; Owner: postgres
--

CREATE INDEX base_product_user_id_95204f5a ON public.base_product USING btree (user_id);


--
-- Name: base_review_product_id_9a95f2eb; Type: INDEX; Schema: public; Owner: postgres
--

CREATE INDEX base_review_product_id_9a95f2eb ON public.base_review USING btree (product_id);


--
-- Name: base_review_user_id_9a731b84; Type: INDEX; Schema: public; Owner: postgres
--

CREATE INDEX base_review_user_id_9a731b84 ON public.base_review USING btree (user_id);


--
-- Name: django_admin_log_content_type_id_c4bce8eb; Type: INDEX; Schema: public; Owner: postgres
--

CREATE INDEX django_admin_log_content_type_id_c4bce8eb ON public.django_admin_log USING btree (content_type_id);


--
-- Name: django_admin_log_user_id_c564eba6; Type: INDEX; Schema: public; Owner: postgres
--

CREATE INDEX django_admin_log_user_id_c564eba6 ON public.django_admin_log USING btree (user_id);


--
-- Name: django_session_expire_date_a5c62663; Type: INDEX; Schema: public; Owner: postgres
--

CREATE INDEX django_session_expire_date_a5c62663 ON public.django_session USING btree (expire_date);


--
-- Name: django_session_session_key_c0390e0f_like; Type: INDEX; Schema: public; Owner: postgres
--

CREATE INDEX django_session_session_key_c0390e0f_like ON public.django_session USING btree (session_key varchar_pattern_ops);


--
-- Name: auth_group_permissions auth_group_permissio_permission_id_84c5c92e_fk_auth_perm; Type: FK CONSTRAINT; Schema: public; Owner: postgres
--

ALTER TABLE ONLY public.auth_group_permissions
    ADD CONSTRAINT auth_group_permissio_permission_id_84c5c92e_fk_auth_perm FOREIGN KEY (permission_id) REFERENCES public.auth_permission(id) DEFERRABLE INITIALLY DEFERRED;


--
-- Name: auth_group_permissions auth_group_permissions_group_id_b120cbf9_fk_auth_group_id; Type: FK CONSTRAINT; Schema: public; Owner: postgres
--

ALTER TABLE ONLY public.auth_group_permissions
    ADD CONSTRAINT auth_group_permissions_group_id_b120cbf9_fk_auth_group_id FOREIGN KEY (group_id) REFERENCES public.auth_group(id) DEFERRABLE INITIALLY DEFERRED;


--
-- Name: auth_permission auth_permission_content_type_id_2f476e4b_fk_django_co; Type: FK CONSTRAINT; Schema: public; Owner: postgres
--

ALTER TABLE ONLY public.auth_permission
    ADD CONSTRAINT auth_permission_content_type_id_2f476e4b_fk_django_co FOREIGN KEY (content_type_id) REFERENCES public.django_content_type(id) DEFERRABLE INITIALLY DEFERRED;


--
-- Name: auth_user_groups auth_user_groups_group_id_97559544_fk_auth_group_id; Type: FK CONSTRAINT; Schema: public; Owner: postgres
--

ALTER TABLE ONLY public.auth_user_groups
    ADD CONSTRAINT auth_user_groups_group_id_97559544_fk_auth_group_id FOREIGN KEY (group_id) REFERENCES public.auth_group(id) DEFERRABLE INITIALLY DEFERRED;


--
-- Name: auth_user_groups auth_user_groups_user_id_6a12ed8b_fk_auth_user_id; Type: FK CONSTRAINT; Schema: public; Owner: postgres
--

ALTER TABLE ONLY public.auth_user_groups
    ADD CONSTRAINT auth_user_groups_user_id_6a12ed8b_fk_auth_user_id FOREIGN KEY (user_id) REFERENCES public.auth_user(id) DEFERRABLE INITIALLY DEFERRED;


--
-- Name: auth_user_user_permissions auth_user_user_permi_permission_id_1fbb5f2c_fk_auth_perm; Type: FK CONSTRAINT; Schema: public; Owner: postgres
--

ALTER TABLE ONLY public.auth_user_user_permissions
    ADD CONSTRAINT auth_user_user_permi_permission_id_1fbb5f2c_fk_auth_perm FOREIGN KEY (permission_id) REFERENCES public.auth_permission(id) DEFERRABLE INITIALLY DEFERRED;


--
-- Name: auth_user_user_permissions auth_user_user_permissions_user_id_a95ead1b_fk_auth_user_id; Type: FK CONSTRAINT; Schema: public; Owner: postgres
--

ALTER TABLE ONLY public.auth_user_user_permissions
    ADD CONSTRAINT auth_user_user_permissions_user_id_a95ead1b_fk_auth_user_id FOREIGN KEY (user_id) REFERENCES public.auth_user(id) DEFERRABLE INITIALLY DEFERRED;


--
-- Name: base_order base_order_user_id_8ad0adec_fk_auth_user_id; Type: FK CONSTRAINT; Schema: public; Owner: postgres
--

ALTER TABLE ONLY public.base_order
    ADD CONSTRAINT base_order_user_id_8ad0adec_fk_auth_user_id FOREIGN KEY (user_id) REFERENCES public.auth_user(id) DEFERRABLE INITIALLY DEFERRED;


--
-- Name: base_orderitem base_orderitem_order_id_aaa7f08a_fk_base_order__id; Type: FK CONSTRAINT; Schema: public; Owner: postgres
--

ALTER TABLE ONLY public.base_orderitem
    ADD CONSTRAINT base_orderitem_order_id_aaa7f08a_fk_base_order__id FOREIGN KEY (order_id) REFERENCES public.base_order(_id) DEFERRABLE INITIALLY DEFERRED;


--
-- Name: base_orderitem base_orderitem_product_id_397c77c4_fk_base_product__id; Type: FK CONSTRAINT; Schema: public; Owner: postgres
--

ALTER TABLE ONLY public.base_orderitem
    ADD CONSTRAINT base_orderitem_product_id_397c77c4_fk_base_product__id FOREIGN KEY (product_id) REFERENCES public.base_product(_id) DEFERRABLE INITIALLY DEFERRED;


--
-- Name: base_product base_product_user_id_95204f5a_fk_auth_user_id; Type: FK CONSTRAINT; Schema: public; Owner: postgres
--

ALTER TABLE ONLY public.base_product
    ADD CONSTRAINT base_product_user_id_95204f5a_fk_auth_user_id FOREIGN KEY (user_id) REFERENCES public.auth_user(id) DEFERRABLE INITIALLY DEFERRED;


--
-- Name: base_review base_review_product_id_9a95f2eb_fk_base_product__id; Type: FK CONSTRAINT; Schema: public; Owner: postgres
--

ALTER TABLE ONLY public.base_review
    ADD CONSTRAINT base_review_product_id_9a95f2eb_fk_base_product__id FOREIGN KEY (product_id) REFERENCES public.base_product(_id) DEFERRABLE INITIALLY DEFERRED;


--
-- Name: base_review base_review_user_id_9a731b84_fk_auth_user_id; Type: FK CONSTRAINT; Schema: public; Owner: postgres
--

ALTER TABLE ONLY public.base_review
    ADD CONSTRAINT base_review_user_id_9a731b84_fk_auth_user_id FOREIGN KEY (user_id) REFERENCES public.auth_user(id) DEFERRABLE INITIALLY DEFERRED;


--
-- Name: base_shippingaddress base_shippingaddress_order_id_d85223e7_fk_base_order__id; Type: FK CONSTRAINT; Schema: public; Owner: postgres
--

ALTER TABLE ONLY public.base_shippingaddress
    ADD CONSTRAINT base_shippingaddress_order_id_d85223e7_fk_base_order__id FOREIGN KEY (order_id) REFERENCES public.base_order(_id) DEFERRABLE INITIALLY DEFERRED;


--
-- Name: django_admin_log django_admin_log_content_type_id_c4bce8eb_fk_django_co; Type: FK CONSTRAINT; Schema: public; Owner: postgres
--

ALTER TABLE ONLY public.django_admin_log
    ADD CONSTRAINT django_admin_log_content_type_id_c4bce8eb_fk_django_co FOREIGN KEY (content_type_id) REFERENCES public.django_content_type(id) DEFERRABLE INITIALLY DEFERRED;


--
-- Name: django_admin_log django_admin_log_user_id_c564eba6_fk_auth_user_id; Type: FK CONSTRAINT; Schema: public; Owner: postgres
--

ALTER TABLE ONLY public.django_admin_log
    ADD CONSTRAINT django_admin_log_user_id_c564eba6_fk_auth_user_id FOREIGN KEY (user_id) REFERENCES public.auth_user(id) DEFERRABLE INITIALLY DEFERRED;


--
-- PostgreSQL database dump complete
--

