[
  
  {
    "model": "auth.permission",
    "pk": 1,
    "fields": {
      "name": "Can add log entry",
      "content_type": 1,
      "codename": "add_logentry"
    }
  },
  {
    "model": "auth.permission",
    "pk": 2,
    "fields": {
      "name": "Can change log entry",
      "content_type": 1,
      "codename": "change_logentry"
    }
  },
  {
    "model": "auth.permission",
    "pk": 3,
    "fields": {
      "name": "Can delete log entry",
      "content_type": 1,
      "codename": "delete_logentry"
    }
  },
  {
    "model": "auth.permission",
    "pk": 4,
    "fields": {
      "name": "Can view log entry",
      "content_type": 1,
      "codename": "view_logentry"
    }
  },
  {
    "model": "auth.permission",
    "pk": 5,
    "fields": {
      "name": "Can add permission",
      "content_type": 2,
      "codename": "add_permission"
    }
  },
  {
    "model": "auth.permission",
    "pk": 6,
    "fields": {
      "name": "Can change permission",
      "content_type": 2,
      "codename": "change_permission"
    }
  },
  {
    "model": "auth.permission",
    "pk": 7,
    "fields": {
      "name": "Can delete permission",
      "content_type": 2,
      "codename": "delete_permission"
    }
  },
  {
    "model": "auth.permission",
    "pk": 8,
    "fields": {
      "name": "Can view permission",
      "content_type": 2,
      "codename": "view_permission"
    }
  },
  {
    "model": "auth.permission",
    "pk": 9,
    "fields": {
      "name": "Can add group",
      "content_type": 3,
      "codename": "add_group"
    }
  },
  {
    "model": "auth.permission",
    "pk": 10,
    "fields": {
      "name": "Can change group",
      "content_type": 3,
      "codename": "change_group"
    }
  },
  {
    "model": "auth.permission",
    "pk": 11,
    "fields": {
      "name": "Can delete group",
      "content_type": 3,
      "codename": "delete_group"
    }
  },
  {
    "model": "auth.permission",
    "pk": 12,
    "fields": {
      "name": "Can view group",
      "content_type": 3,
      "codename": "view_group"
    }
  },
  {
    "model": "auth.permission",
    "pk": 13,
    "fields": {
      "name": "Can add user",
      "content_type": 4,
      "codename": "add_user"
    }
  },
  {
    "model": "auth.permission",
    "pk": 14,
    "fields": {
      "name": "Can change user",
      "content_type": 4,
      "codename": "change_user"
    }
  },
  {
    "model": "auth.permission",
    "pk": 15,
    "fields": {
      "name": "Can delete user",
      "content_type": 4,
      "codename": "delete_user"
    }
  },
  {
    "model": "auth.permission",
    "pk": 16,
    "fields": {
      "name": "Can view user",
      "content_type": 4,
      "codename": "view_user"
    }
  },
  {
    "model": "auth.permission",
    "pk": 17,
    "fields": {
      "name": "Can add content type",
      "content_type": 5,
      "codename": "add_contenttype"
    }
  },
  {
    "model": "auth.permission",
    "pk": 18,
    "fields": {
      "name": "Can change content type",
      "content_type": 5,
      "codename": "change_contenttype"
    }
  },
  {
    "model": "auth.permission",
    "pk": 19,
    "fields": {
      "name": "Can delete content type",
      "content_type": 5,
      "codename": "delete_contenttype"
    }
  },
  {
    "model": "auth.permission",
    "pk": 20,
    "fields": {
      "name": "Can view content type",
      "content_type": 5,
      "codename": "view_contenttype"
    }
  },
  {
    "model": "auth.permission",
    "pk": 21,
    "fields": {
      "name": "Can add session",
      "content_type": 6,
      "codename": "add_session"
    }
  },
  {
    "model": "auth.permission",
    "pk": 22,
    "fields": {
      "name": "Can change session",
      "content_type": 6,
      "codename": "change_session"
    }
  },
  {
    "model": "auth.permission",
    "pk": 23,
    "fields": {
      "name": "Can delete session",
      "content_type": 6,
      "codename": "delete_session"
    }
  },
  {
    "model": "auth.permission",
    "pk": 24,
    "fields": {
      "name": "Can view session",
      "content_type": 6,
      "codename": "view_session"
    }
  },
  {
    "model": "auth.permission",
    "pk": 25,
    "fields": {
      "name": "Can add product",
      "content_type": 7,
      "codename": "add_product"
    }
  },
  {
    "model": "auth.permission",
    "pk": 26,
    "fields": {
      "name": "Can change product",
      "content_type": 7,
      "codename": "change_product"
    }
  },
  {
    "model": "auth.permission",
    "pk": 27,
    "fields": {
      "name": "Can delete product",
      "content_type": 7,
      "codename": "delete_product"
    }
  },
  {
    "model": "auth.permission",
    "pk": 28,
    "fields": {
      "name": "Can view product",
      "content_type": 7,
      "codename": "view_product"
    }
  },
  {
    "model": "auth.permission",
    "pk": 29,
    "fields": {
      "name": "Can add order item",
      "content_type": 8,
      "codename": "add_orderitem"
    }
  },
  {
    "model": "auth.permission",
    "pk": 30,
    "fields": {
      "name": "Can change order item",
      "content_type": 8,
      "codename": "change_orderitem"
    }
  },
  {
    "model": "auth.permission",
    "pk": 31,
    "fields": {
      "name": "Can delete order item",
      "content_type": 8,
      "codename": "delete_orderitem"
    }
  },
  {
    "model": "auth.permission",
    "pk": 32,
    "fields": {
      "name": "Can view order item",
      "content_type": 8,
      "codename": "view_orderitem"
    }
  },
  {
    "model": "auth.permission",
    "pk": 33,
    "fields": {
      "name": "Can add shipping address",
      "content_type": 9,
      "codename": "add_shippingaddress"
    }
  },
  {
    "model": "auth.permission",
    "pk": 34,
    "fields": {
      "name": "Can change shipping address",
      "content_type": 9,
      "codename": "change_shippingaddress"
    }
  },
  {
    "model": "auth.permission",
    "pk": 35,
    "fields": {
      "name": "Can delete shipping address",
      "content_type": 9,
      "codename": "delete_shippingaddress"
    }
  },
  {
    "model": "auth.permission",
    "pk": 36,
    "fields": {
      "name": "Can view shipping address",
      "content_type": 9,
      "codename": "view_shippingaddress"
    }
  },
  {
    "model": "auth.permission",
    "pk": 37,
    "fields": {
      "name": "Can add order",
      "content_type": 10,
      "codename": "add_order"
    }
  },
  {
    "model": "auth.permission",
    "pk": 38,
    "fields": {
      "name": "Can change order",
      "content_type": 10,
      "codename": "change_order"
    }
  },
  {
    "model": "auth.permission",
    "pk": 39,
    "fields": {
      "name": "Can delete order",
      "content_type": 10,
      "codename": "delete_order"
    }
  },
  {
    "model": "auth.permission",
    "pk": 40,
    "fields": {
      "name": "Can view order",
      "content_type": 10,
      "codename": "view_order"
    }
  },
  {
    "model": "auth.permission",
    "pk": 41,
    "fields": {
      "name": "Can add review",
      "content_type": 11,
      "codename": "add_review"
    }
  },
  {
    "model": "auth.permission",
    "pk": 42,
    "fields": {
      "name": "Can change review",
      "content_type": 11,
      "codename": "change_review"
    }
  },
  {
    "model": "auth.permission",
    "pk": 43,
    "fields": {
      "name": "Can delete review",
      "content_type": 11,
      "codename": "delete_review"
    }
  },
  {
    "model": "auth.permission",
    "pk": 44,
    "fields": {
      "name": "Can view review",
      "content_type": 11,
      "codename": "view_review"
    }
  },
  {
    "model": "auth.permission",
    "pk": 45,
    "fields": {
      "name": "Can add promo code",
      "content_type": 12,
      "codename": "add_promocode"
    }
  },
  {
    "model": "auth.permission",
    "pk": 46,
    "fields": {
      "name": "Can change promo code",
      "content_type": 12,
      "codename": "change_promocode"
    }
  },
  {
    "model": "auth.permission",
    "pk": 47,
    "fields": {
      "name": "Can delete promo code",
      "content_type": 12,
      "codename": "delete_promocode"
    }
  },
  {
    "model": "auth.permission",
    "pk": 48,
    "fields": {
      "name": "Can view promo code",
      "content_type": 12,
      "codename": "view_promocode"
    }
  },
  {
    "model": "auth.permission",
    "pk": 49,
    "fields": {
      "name": "Can add category",
      "content_type": 13,
      "codename": "add_category"
    }
  },
  {
    "model": "auth.permission",
    "pk": 50,
    "fields": {
      "name": "Can change category",
      "content_type": 13,
      "codename": "change_category"
    }
  },
  {
    "model": "auth.permission",
    "pk": 51,
    "fields": {
      "name": "Can delete category",
      "content_type": 13,
      "codename": "delete_category"
    }
  },
  {
    "model": "auth.permission",
    "pk": 52,
    "fields": {
      "name": "Can view category",
      "content_type": 13,
      "codename": "view_category"
    }
  },
  {
    "model": "auth.user",
    "pk": 13,
    "fields": {
      "password": "pbkdf2_sha256$600000$eUtYF7DeBM1MspdBNia3oL$GQdLyolYEJILEeo+Qq1Ptm7az5XkNYHwM/NdaUJ9QCs=",
      "last_login": null,
      "is_superuser": false,
      "username": "tester@email.com",
      "first_name": "tester",
      "last_name": "",
      "email": "tester@email.com",
      "is_staff": false,
      "is_active": true,
      "date_joined": "2023-07-09T20:22:11.894Z",
      "groups": [],
      "user_permissions": []
    }
  },
  {
    "model": "auth.user",
    "pk": 15,
    "fields": {
      "password": "pbkdf2_sha256$600000$opPc9e6cxlopmcVZalRE9S$UEt3O2IV1RBk6Ea5SvK+rWskSHnk1uiE2HfnTReVoOA=",
      "last_login": null,
      "is_superuser": false,
      "username": "maxon@email.com",
      "first_name": "maxon",
      "last_name": "",
      "email": "maxon@email.com",
      "is_staff": false,
      "is_active": true,
      "date_joined": "2023-07-14T21:37:27.462Z",
      "groups": [],
      "user_permissions": []
    }
  },
  {
    "model": "contenttypes.contenttype",
    "pk": 1,
    "fields": {
      "app_label": "admin",
      "model": "logentry"
    }
  },
  {
    "model": "contenttypes.contenttype",
    "pk": 2,
    "fields": {
      "app_label": "auth",
      "model": "permission"
    }
  },
  {
    "model": "contenttypes.contenttype",
    "pk": 3,
    "fields": {
      "app_label": "auth",
      "model": "group"
    }
  },
  {
    "model": "contenttypes.contenttype",
    "pk": 4,
    "fields": {
      "app_label": "auth",
      "model": "user"
    }
  },
  {
    "model": "contenttypes.contenttype",
    "pk": 5,
    "fields": {
      "app_label": "contenttypes",
      "model": "contenttype"
    }
  },
  {
    "model": "contenttypes.contenttype",
    "pk": 6,
    "fields": {
      "app_label": "sessions",
      "model": "session"
    }
  },
  {
    "model": "contenttypes.contenttype",
    "pk": 7,
    "fields": {
      "app_label": "base",
      "model": "product"
    }
  },
  {
    "model": "contenttypes.contenttype",
    "pk": 8,
    "fields": {
      "app_label": "base",
      "model": "orderitem"
    }
  },
  {
    "model": "contenttypes.contenttype",
    "pk": 9,
    "fields": {
      "app_label": "base",
      "model": "shippingaddress"
    }
  },
  {
    "model": "contenttypes.contenttype",
    "pk": 10,
    "fields": {
      "app_label": "base",
      "model": "order"
    }
  },
  {
    "model": "contenttypes.contenttype",
    "pk": 11,
    "fields": {
      "app_label": "base",
      "model": "review"
    }
  },
  {
    "model": "contenttypes.contenttype",
    "pk": 12,
    "fields": {
      "app_label": "base",
      "model": "promocode"
    }
  },
  {
    "model": "contenttypes.contenttype",
    "pk": 13,
    "fields": {
      "app_label": "base",
      "model": "category"
    }
  },
  {
    "model": "sessions.session",
    "pk": "9pbxjotihuvgwoejv957cad5fp6oc5n5",
    "fields": {
      "session_data": ".eJxVjEEOwiAQRe_C2hAGqIMu3XsGwjCDVA1NSrsy3l2bdKHb_977LxXTutS4dpnjyOqsUB1-N0r5IW0DfE_tNuk8tWUeSW-K3mnX14nledndv4Oaev3WFDCIDOg8WPSmFGZIBpyzhYiLD5jFJxB2ZCwNDhwcAXM4AZaQC6v3B-bAN_8:1qGgD5:lUPiING_7FocsyUv-V-wF8RzlATMYskEhoaNOI6WyEw",
      "expire_date": "2023-07-18T13:36:51.349Z"
    }
  },
  {
    "model": "base.product",
    "pk": 1,
    "fields": {
      "user": 1,
      "name": "Essence tribulus terrestris",
      "image": "pit0.jpg",
      "brand": "Essence",
      "category": "Food Supplement",
      "description": "Essence tribulus terrestris is an excellent choice for people who want to improve their overall wellbeing and enhance their athletic performance. This product is made from high-quality ingredients and is free of harmful additives.",
      "rating": "4.00",
      "numReviews": 1,
      "price": "25.99",
      "countInStock": 5,
      "createdAt": "2023-06-26T13:44:26.992Z"
    }
  },
  {
    "model": "base.product",
    "pk": 2,
    "fields": {
      "user": 1,
      "name": "OstroVit Fat Burner eXtreme",
      "image": "pit1.png",
      "brand": "OstroVit",
      "category": "Food Supplement",
      "description": "OstroVit Fat Burner eXtreme is a highly effective food supplement designed to support weight loss and help you reach your fitness goals. This product contains a powerful blend of ingredients that work together to boost your metabolism, increase energy levels, and promote fat burning.",
      "rating": "4.00",
      "numReviews": 3,
      "price": "32.99",
      "countInStock": 7,
      "createdAt": "2023-06-27T11:16:12.366Z"
    }
  },
  {
    "model": "base.product",
    "pk": 3,
    "fields": {
      "user": 1,
      "name": "Muscle Up ActivLab",
      "image": "pit2.jpg",
      "brand": "ActivLab",
      "category": "Protein",
      "description": "Muscle Up ActivLab is a powerful pre-workout supplement designed to help boost your energy, improve your performance, and maximize your results. This supplement contains a highly concentrated formula of ingredients that help to promote muscle growth and support physical endurance during training.",
      "rating": "5.00",
      "numReviews": 1,
      "price": "74.99",
      "countInStock": 9,
      "createdAt": "2023-06-27T11:17:10.608Z"
    }
  },
  {
    "model": "base.product",
    "pk": 4,
    "fields": {
      "user": 1,
      "name": "Whey protein ALL Nutrition",
      "image": "pit3.jpg",
      "brand": "All Nutrition",
      "category": "Protein",
      "description": "Incorporating Whey protein ALL Nutrition into your diet can help you support your fitness goals. Whether you are trying to build muscle or maintain a healthy lifestyle, this supplement is a great choice to help you achieve your goals faster and more efficiently.",
      "rating": "4.00",
      "numReviews": 1,
      "price": "89.99",
      "countInStock": 6,
      "createdAt": "2023-06-27T11:18:00.978Z"
    }
  },
  {
    "model": "base.product",
    "pk": 5,
    "fields": {
      "user": 1,
      "name": "C 1000 NaturalSupp",
      "image": "pit4.png",
      "brand": "NaturalSupp",
      "category": "Vitamins",
      "description": "This product is made from high-quality ingredients and is free of any harmful additives, making it safe and effective to use. It has been rigorously tested and manufactured according to strict quality standards, ensuring purity, and efficacy.",
      "rating": "3.00",
      "numReviews": 1,
      "price": "24.99",
      "countInStock": 9,
      "createdAt": "2023-06-27T11:19:00.037Z"
    }
  },
  {
    "model": "base.product",
    "pk": 6,
    "fields": {
      "user": 1,
      "name": "COENZYME Q10",
      "image": "pit5.jpg",
      "brand": "Coenzyme",
      "category": "Vitamins",
      "description": "Coenzyme Q10, or CoQ10, is a powerful antioxidant and essential nutrient that plays a vital role in energy production, heart health, and overall wellbeing. CoQ10 is naturally produced in our bodies, but as we age, our natural production of this coenzyme declines, and we may start to experience symptoms of deficiency.",
      "rating": "4.00",
      "numReviews": 2,
      "price": "29.99",
      "countInStock": 12,
      "createdAt": "2023-06-27T11:19:47.944Z"
    }
  },
  {
    "model": "base.product",
    "pk": 13,
    "fields": {
      "user": 1,
      "name": "TREC NUTRITION CREATINE MICRONIZED",
      "image": "pit6.jpg",
      "brand": "TREC",
      "category": "Creatine",
      "description": "TREC NUTRITION CREATINE MICRONIZED 200 MESH+TAURINE is a dietary supplement that combines the benefits of creatine and taurine. Creatine is a popular supplement known for its ability to enhance athletic performance and promote muscle growth. Taurine is an amino acid that supports cardiovascular health, muscle function, and overall well-being. With a micronized 200 mesh formula, this product is designed to provide maximum absorption and effectiveness. It can be used by athletes, bodybuilders, and fitness enthusiasts looking to improve their physical performance and achieve their fitness goals.",
      "rating": "5.00",
      "numReviews": 1,
      "price": "25.49",
      "countInStock": 3,
      "createdAt": "2023-07-14T12:21:47.511Z"
    }
  },
  {
    "model": "base.product",
    "pk": 18,
    "fields": {
      "user": 1,
      "name": "CREABON CAPS",
      "image": "pit7.png",
      "brand": "STRIMEX SPORTS NUTRITION",
      "category": "Creatine",
      "description": "Creatine from Strimexо sports nutrition directly affects metabolic processes in the body. Thanks to its intake, the gained strength will not be lost later on. This substance increases muscle strength as fluid accumulates in the muscles, making them not only denser but also stronger. Additionally, creatine participates in the respiratory process, as it initiates it at the very beginning phase. Without the supply of creatine to the muscles, it is impossible to increase physical performance. It is advisable to take increased dosages if the workout consists of frequently changing exercises.",
      "rating": null,
      "numReviews": 0,
      "price": "29.49",
      "countInStock": 12,
      "createdAt": "2023-07-16T09:48:39.189Z"
    }
  },
  {
    "model": "base.product",
    "pk": 19,
    "fields": {
      "user": 1,
      "name": "OstroVit Spirulina",
      "image": "pit8_sgQ5E0n.png",
      "brand": "OstroVit",
      "category": "Vitamins",
      "description": "OstroVit Spirulina is a high-quality dietary supplement derived from the blue-green algae known as spirulina. Packed with essential nutrients, vitamins, and minerals, this superfood is renowned for its numerous health benefits. By incorporating OstroVit Spirulina into your daily routine, you can support your immune system, boost energy levels, and promote overall well-being. This supplement is rich in antioxidants, which help combat oxidative stress and support cellular health. It is also a great source of plant-based protein, making it an excellent choice for vegetarians and vegans. Give your body a natural and nutrient-packed boost with OstroVit Spirulina for optimal health and vitality.",
      "rating": null,
      "numReviews": 0,
      "price": "12.99",
      "countInStock": 23,
      "createdAt": "2023-07-16T09:51:16.873Z"
    }
  },
  {
    "model": "base.product",
    "pk": 21,
    "fields": {
      "user": 1,
      "name": "QNT LIGHT DIGEST WHEY PROTEIN",
      "image": "pit9_QcqfRWC.jpg",
      "brand": " QNT QUALITY NUTRITION TECHNOLOGY",
      "category": "Protein",
      "description": "QNT LIGHT DIGEST WHEY PROTEIN is a premium whey protein supplement designed to support muscle recovery and growth. This protein powder is formulated with a blend of high-quality whey protein isolate and whey protein concentrate, which provides a fast-digesting and easily absorbed source of protein. The unique digestive enzyme blend included in this formula helps to enhance digestion and minimize any potential digestive discomfort.",
      "rating": null,
      "numReviews": 0,
      "price": "32.49",
      "countInStock": 6,
      "createdAt": "2023-07-16T10:22:38.110Z"
    }
  },
  {
    "model": "base.product",
    "pk": 22,
    "fields": {
      "user": 1,
      "name": "CLA from Trec Nutrition",
      "image": "pit10.png",
      "brand": "TREC NUTRITION",
      "category": "Food Supplement",
      "description": "CLA from Trec Nutrition is a dietary supplement that contains conjugated linoleic acid, a naturally occurring fatty acid found in meat and dairy products. CLA has been studied for its potential benefits in weight management and body composition.",
      "rating": null,
      "numReviews": 0,
      "price": "35.99",
      "countInStock": 6,
      "createdAt": "2023-07-16T10:29:10.957Z"
    }
  },
  {
    "model": "base.review",
    "pk": 1,
    "fields": {
      "product": 2,
      "user": 1,
      "name": "SuperUser",
      "rating": 3,
      "comment": "good product",
      "createdAt": "2023-07-15T13:04:17.768Z"
    }
  },
  {
    "model": "base.review",
    "pk": 2,
    "fields": {
      "product": 2,
      "user": 15,
      "name": "maxon",
      "rating": 5,
      "comment": "I liked it!",
      "createdAt": "2023-07-15T13:24:12.222Z"
    }
  },
  {
    "model": "base.review",
    "pk": 3,
    "fields": {
      "product": 2,
      "user": 13,
      "name": "tester",
      "rating": 4,
      "comment": "It was very nice\n",
      "createdAt": "2023-07-15T13:49:19.138Z"
    }
  },
  {
    "model": "base.review",
    "pk": 4,
    "fields": {
      "product": 13,
      "user": 13,
      "name": "tester",
      "rating": 5,
      "comment": "Love it!",
      "createdAt": "2023-07-15T17:24:14.190Z"
    }
  },
  {
    "model": "base.review",
    "pk": 5,
    "fields": {
      "product": 4,
      "user": 1,
      "name": "SuperUser",
      "rating": 4,
      "comment": "Very nice",
      "createdAt": "2023-07-15T22:46:31.732Z"
    }
  },
  {
    "model": "base.review",
    "pk": 6,
    "fields": {
      "product": 5,
      "user": 1,
      "name": "SuperUser",
      "rating": 3,
      "comment": "It was OK!",
      "createdAt": "2023-07-15T22:50:00.293Z"
    }
  },
  {
    "model": "base.review",
    "pk": 7,
    "fields": {
      "product": 3,
      "user": 1,
      "name": "SuperUser",
      "rating": 5,
      "comment": "My favourite!",
      "createdAt": "2023-07-15T22:55:59.636Z"
    }
  },
  {
    "model": "base.review",
    "pk": 8,
    "fields": {
      "product": 1,
      "user": 13,
      "name": "tester",
      "rating": 4,
      "comment": "Enjoyed it!",
      "createdAt": "2023-07-16T12:07:22.851Z"
    }
  },
  {
    "model": "base.order",
    "pk": 34,
    "fields": {
      "user": 1,
      "paymentMethod": "PayPal or Credit Card",
      "taxPrice": "8.10",
      "shippingPrice": "0.00",
      "totalPrice": "98.09",
      "isPaid": true,
      "paidAt": "2023-07-14T22:08:21.151Z",
      "isDelivered": true,
      "deliveredAt": "2023-07-14T22:01:33.229Z",
      "createdAt": "2023-07-12T12:00:16.701Z"
    }
  },
  {
    "model": "base.order",
    "pk": 35,
    "fields": {
      "user": 1,
      "paymentMethod": "PayPal or Credit Card",
      "taxPrice": "5.40",
      "shippingPrice": "0.00",
      "totalPrice": "58.84",
      "isPaid": true,
      "paidAt": "2023-07-14T22:10:58.491Z",
      "isDelivered": true,
      "deliveredAt": "2023-07-14T22:10:56.962Z",
      "createdAt": "2023-07-12T12:02:32.384Z"
    }
  },
  {
    "model": "base.order",
    "pk": 39,
    "fields": {
      "user": 13,
      "paymentMethod": "PayPal or Credit Card",
      "taxPrice": "2.29",
      "shippingPrice": "10.00",
      "totalPrice": "28.34",
      "isPaid": true,
      "paidAt": "2023-07-14T15:23:00.090Z",
      "isDelivered": true,
      "deliveredAt": "2023-07-16T11:08:41.652Z",
      "createdAt": "2023-07-14T15:22:36.680Z"
    }
  },
  {
    "model": "base.order",
    "pk": 40,
    "fields": {
      "user": 15,
      "paymentMethod": "PayPal or Credit Card",
      "taxPrice": "9.04",
      "shippingPrice": "0.00",
      "totalPrice": "109.52",
      "isPaid": false,
      "paidAt": null,
      "isDelivered": false,
      "deliveredAt": null,
      "createdAt": "2023-07-14T21:37:39.056Z"
    }
  },
  {
    "model": "base.order",
    "pk": 41,
    "fields": {
      "user": 1,
      "paymentMethod": "PayPal or Credit Card",
      "taxPrice": "8.10",
      "shippingPrice": "0.00",
      "totalPrice": "98.09",
      "isPaid": true,
      "paidAt": "2023-07-16T11:02:12.493Z",
      "isDelivered": true,
      "deliveredAt": "2023-07-16T11:04:47.470Z",
      "createdAt": "2023-07-16T11:01:44.252Z"
    }
  },
  {
    "model": "base.order",
    "pk": 42,
    "fields": {
      "user": 1,
      "paymentMethod": "PayPal or Credit Card",
      "taxPrice": "2.97",
      "shippingPrice": "10.00",
      "totalPrice": "43.66",
      "isPaid": true,
      "paidAt": "2023-07-16T11:12:15.855Z",
      "isDelivered": true,
      "deliveredAt": "2023-07-16T11:11:40.845Z",
      "createdAt": "2023-07-16T11:09:48.610Z"
    }
  },
  {
    "model": "base.orderitem",
    "pk": 1,
    "fields": {
      "product": 1,
      "order": null,
      "name": "Essence tribulus terrestris",
      "qty": 1,
      "price": "25.99",
      "image": "/images/pit0.jpg"
    }
  },
  {
    "model": "base.orderitem",
    "pk": 2,
    "fields": {
      "product": 2,
      "order": null,
      "name": "OstroVit Fat Burner eXtreme",
      "qty": 1,
      "price": "32.99",
      "image": "/images/pit1.png"
    }
  },
  {
    "model": "base.orderitem",
    "pk": 3,
    "fields": {
      "product": 1,
      "order": null,
      "name": "Essence tribulus terrestris",
      "qty": 1,
      "price": "25.99",
      "image": "/images/pit0.jpg"
    }
  },
  {
    "model": "base.orderitem",
    "pk": 4,
    "fields": {
      "product": 2,
      "order": null,
      "name": "OstroVit Fat Burner eXtreme",
      "qty": 1,
      "price": "32.99",
      "image": "/images/pit1.png"
    }
  },
  {
    "model": "base.orderitem",
    "pk": 5,
    "fields": {
      "product": 1,
      "order": null,
      "name": "Essence tribulus terrestris",
      "qty": 1,
      "price": "25.99",
      "image": "/images/pit0.jpg"
    }
  },
  {
    "model": "base.orderitem",
    "pk": 6,
    "fields": {
      "product": 2,
      "order": null,
      "name": "OstroVit Fat Burner eXtreme",
      "qty": 1,
      "price": "32.99",
      "image": "/images/pit1.png"
    }
  },
  {
    "model": "base.orderitem",
    "pk": 7,
    "fields": {
      "product": 1,
      "order": null,
      "name": "Essence tribulus terrestris",
      "qty": 1,
      "price": "25.99",
      "image": "/images/pit0.jpg"
    }
  },
  {
    "model": "base.orderitem",
    "pk": 8,
    "fields": {
      "product": 2,
      "order": null,
      "name": "OstroVit Fat Burner eXtreme",
      "qty": 1,
      "price": "32.99",
      "image": "/images/pit1.png"
    }
  },
  {
    "model": "base.orderitem",
    "pk": 9,
    "fields": {
      "product": 3,
      "order": null,
      "name": "Muscle Up ActivLab",
      "qty": 2,
      "price": "74.99",
      "image": "/images/pit2.jpg"
    }
  },
  {
    "model": "base.orderitem",
    "pk": 10,
    "fields": {
      "product": 5,
      "order": null,
      "name": "C 1000 NaturalSupp",
      "qty": 6,
      "price": "24.99",
      "image": "/images/pit4.png"
    }
  },
  {
    "model": "base.orderitem",
    "pk": 11,
    "fields": {
      "product": 2,
      "order": null,
      "name": "OstroVit Fat Burner eXtreme",
      "qty": 1,
      "price": "32.99",
      "image": "/images/pit1.png"
    }
  },
  {
    "model": "base.orderitem",
    "pk": 12,
    "fields": {
      "product": 2,
      "order": null,
      "name": "OstroVit Fat Burner eXtreme",
      "qty": 1,
      "price": "32.99",
      "image": "/images/pit1.png"
    }
  },
  {
    "model": "base.orderitem",
    "pk": 13,
    "fields": {
      "product": 2,
      "order": null,
      "name": "OstroVit Fat Burner eXtreme",
      "qty": 1,
      "price": "32.99",
      "image": "/images/pit1.png"
    }
  },
  {
    "model": "base.orderitem",
    "pk": 14,
    "fields": {
      "product": 6,
      "order": null,
      "name": "COENZYME Q10",
      "qty": 1,
      "price": "29.99",
      "image": "/images/pit5.jpg"
    }
  },
  {
    "model": "base.orderitem",
    "pk": 15,
    "fields": {
      "product": 3,
      "order": null,
      "name": "Muscle Up ActivLab",
      "qty": 1,
      "price": "74.99",
      "image": "/images/pit2.jpg"
    }
  },
  {
    "model": "base.orderitem",
    "pk": 16,
    "fields": {
      "product": 2,
      "order": null,
      "name": "OstroVit Fat Burner eXtreme",
      "qty": 1,
      "price": "32.99",
      "image": "/images/pit1.png"
    }
  },
  {
    "model": "base.orderitem",
    "pk": 17,
    "fields": {
      "product": 2,
      "order": null,
      "name": "OstroVit Fat Burner eXtreme",
      "qty": 1,
      "price": "32.99",
      "image": "/images/pit1.png"
    }
  },
  {
    "model": "base.orderitem",
    "pk": 18,
    "fields": {
      "product": 3,
      "order": null,
      "name": "Muscle Up ActivLab",
      "qty": 1,
      "price": "74.99",
      "image": "/images/pit2.jpg"
    }
  },
  {
    "model": "base.orderitem",
    "pk": 19,
    "fields": {
      "product": 4,
      "order": null,
      "name": "Whey protein ALL Nutrition",
      "qty": 1,
      "price": "89.99",
      "image": "/images/pit3.jpg"
    }
  },
  {
    "model": "base.orderitem",
    "pk": 20,
    "fields": {
      "product": 1,
      "order": null,
      "name": "Essence tribulus terrestris",
      "qty": 1,
      "price": "25.99",
      "image": "/images/pit0.jpg"
    }
  },
  {
    "model": "base.orderitem",
    "pk": 21,
    "fields": {
      "product": 3,
      "order": null,
      "name": "Muscle Up ActivLab",
      "qty": 2,
      "price": "74.99",
      "image": "/images/pit2.jpg"
    }
  },
  {
    "model": "base.orderitem",
    "pk": 22,
    "fields": {
      "product": 6,
      "order": null,
      "name": "COENZYME Q10",
      "qty": 2,
      "price": "29.99",
      "image": "/images/pit5.jpg"
    }
  },
  {
    "model": "base.orderitem",
    "pk": 23,
    "fields": {
      "product": 2,
      "order": null,
      "name": "OstroVit Fat Burner eXtreme",
      "qty": 2,
      "price": "32.99",
      "image": "/images/pit1.png"
    }
  },
  {
    "model": "base.orderitem",
    "pk": 24,
    "fields": {
      "product": 1,
      "order": null,
      "name": "Essence tribulus terrestris",
      "qty": 2,
      "price": "25.99",
      "image": "/images/pit0.jpg"
    }
  },
  {
    "model": "base.orderitem",
    "pk": 25,
    "fields": {
      "product": 1,
      "order": null,
      "name": "Essence tribulus terrestris",
      "qty": 2,
      "price": "25.99",
      "image": "/images/pit0.jpg"
    }
  },
  {
    "model": "base.orderitem",
    "pk": 26,
    "fields": {
      "product": 6,
      "order": null,
      "name": "COENZYME Q10",
      "qty": 2,
      "price": "29.99",
      "image": "/images/pit5.jpg"
    }
  },
  {
    "model": "base.orderitem",
    "pk": 27,
    "fields": {
      "product": 5,
      "order": null,
      "name": "C 1000 NaturalSupp",
      "qty": 3,
      "price": "24.99",
      "image": "/images/pit4.png"
    }
  },
  {
    "model": "base.orderitem",
    "pk": 28,
    "fields": {
      "product": 2,
      "order": null,
      "name": "OstroVit Fat Burner eXtreme",
      "qty": 2,
      "price": "32.99",
      "image": "/images/pit1.png"
    }
  },
  {
    "model": "base.orderitem",
    "pk": 29,
    "fields": {
      "product": 3,
      "order": null,
      "name": "Muscle Up ActivLab",
      "qty": 1,
      "price": "74.99",
      "image": "/images/pit2.jpg"
    }
  },
  {
    "model": "base.orderitem",
    "pk": 30,
    "fields": {
      "product": 2,
      "order": null,
      "name": "OstroVit Fat Burner eXtreme",
      "qty": 1,
      "price": "32.99",
      "image": "/images/pit1.png"
    }
  },
  {
    "model": "base.orderitem",
    "pk": 31,
    "fields": {
      "product": 4,
      "order": null,
      "name": "Whey protein ALL Nutrition",
      "qty": 1,
      "price": "89.99",
      "image": "/images/pit3.jpg"
    }
  },
  {
    "model": "base.orderitem",
    "pk": 32,
    "fields": {
      "product": 4,
      "order": null,
      "name": "Whey protein ALL Nutrition",
      "qty": 1,
      "price": "89.99",
      "image": "/images/pit3.jpg"
    }
  },
  {
    "model": "base.orderitem",
    "pk": 33,
    "fields": {
      "product": 4,
      "order": null,
      "name": "Whey protein ALL Nutrition",
      "qty": 1,
      "price": "89.99",
      "image": "/images/pit3.jpg"
    }
  },
  {
    "model": "base.orderitem",
    "pk": 34,
    "fields": {
      "product": 4,
      "order": null,
      "name": "Whey protein ALL Nutrition",
      "qty": 1,
      "price": "89.99",
      "image": "/images/pit3.jpg"
    }
  },
  {
    "model": "base.orderitem",
    "pk": 35,
    "fields": {
      "product": 4,
      "order": null,
      "name": "Whey protein ALL Nutrition",
      "qty": 1,
      "price": "89.99",
      "image": "/images/pit3.jpg"
    }
  },
  {
    "model": "base.orderitem",
    "pk": 36,
    "fields": {
      "product": 6,
      "order": null,
      "name": "COENZYME Q10",
      "qty": 2,
      "price": "29.99",
      "image": "/images/pit5.jpg"
    }
  },
  {
    "model": "base.orderitem",
    "pk": 37,
    "fields": {
      "product": 4,
      "order": 34,
      "name": "Whey protein ALL Nutrition",
      "qty": 1,
      "price": "89.99",
      "image": "/images/pit3.jpg"
    }
  },
  {
    "model": "base.orderitem",
    "pk": 38,
    "fields": {
      "product": 6,
      "order": 35,
      "name": "COENZYME Q10",
      "qty": 2,
      "price": "29.99",
      "image": "/images/pit5.jpg"
    }
  },
  {
    "model": "base.orderitem",
    "pk": 39,
    "fields": {
      "product": 5,
      "order": null,
      "name": "C 1000 NaturalSupp",
      "qty": 3,
      "price": "24.99",
      "image": "/images/pit4.png"
    }
  },
  {
    "model": "base.orderitem",
    "pk": 40,
    "fields": {
      "product": 4,
      "order": null,
      "name": "Whey protein ALL Nutrition",
      "qty": 1,
      "price": "89.99",
      "image": "/images/pit3.jpg"
    }
  },
  {
    "model": "base.orderitem",
    "pk": 41,
    "fields": {
      "product": 2,
      "order": null,
      "name": "OstroVit Fat Burner eXtreme",
      "qty": 1,
      "price": "32.99",
      "image": "/images/pit1.png"
    }
  },
  {
    "model": "base.orderitem",
    "pk": 42,
    "fields": {
      "product": 13,
      "order": 39,
      "name": "TREC NUTRITION CREATINE MICRONIZED",
      "qty": 1,
      "price": "25.49",
      "image": "/images/pit6.jpg"
    }
  },
  {
    "model": "base.orderitem",
    "pk": 43,
    "fields": {
      "product": 3,
      "order": 40,
      "name": "Muscle Up ActivLab",
      "qty": 1,
      "price": "74.99",
      "image": "/images/pit2.jpg"
    }
  },
  {
    "model": "base.orderitem",
    "pk": 44,
    "fields": {
      "product": 13,
      "order": 40,
      "name": "TREC NUTRITION CREATINE MICRONIZED",
      "qty": 1,
      "price": "25.49",
      "image": "/images/pit6.jpg"
    }
  },
  {
    "model": "base.orderitem",
    "pk": 45,
    "fields": {
      "product": 4,
      "order": 41,
      "name": "Whey protein ALL Nutrition",
      "qty": 1,
      "price": "89.99",
      "image": "/images/pit3.jpg"
    }
  },
  {
    "model": "base.orderitem",
    "pk": 46,
    "fields": {
      "product": 2,
      "order": 42,
      "name": "OstroVit Fat Burner eXtreme",
      "qty": 1,
      "price": "32.99",
      "image": "/images/pit1.png"
    }
  },
  {
    "model": "base.shippingaddress",
    "pk": 33,
    "fields": {
      "order": 34,
      "address": "fsd",
      "city": "Minsk",
      "postalCode": "123",
      "country": "Italy",
      "shippingPrice": null
    }
  },
  {
    "model": "base.shippingaddress",
    "pk": 34,
    "fields": {
      "order": 35,
      "address": "fsd",
      "city": "Minsk",
      "postalCode": "123",
      "country": "Italy",
      "shippingPrice": null
    }
  },
  {
    "model": "base.shippingaddress",
    "pk": 38,
    "fields": {
      "order": 39,
      "address": "fsd",
      "city": "Minsk",
      "postalCode": "123",
      "country": "Italy",
      "shippingPrice": null
    }
  },
  {
    "model": "base.shippingaddress",
    "pk": 39,
    "fields": {
      "order": 40,
      "address": "fsd",
      "city": "Minsk",
      "postalCode": "123",
      "country": "Italy",
      "shippingPrice": null
    }
  },
  {
    "model": "base.shippingaddress",
    "pk": 40,
    "fields": {
      "order": 41,
      "address": "fsd",
      "city": "Minsk",
      "postalCode": "123",
      "country": "Italy",
      "shippingPrice": null
    }
  },
  {
    "model": "base.shippingaddress",
    "pk": 41,
    "fields": {
      "order": 42,
      "address": "fsd",
      "city": "Minsk",
      "postalCode": "123",
      "country": "Italy",
      "shippingPrice": null
    }
  },
  {
    "model": "base.promocode",
    "pk": 10,
    "fields": {
      "promoCode": "superdisc",
      "discount": 25
    }
  },
  {
    "model": "base.promocode",
    "pk": 11,
    "fields": {
      "promoCode": "test",
      "discount": 5
    }
  },
  {
    "model": "base.promocode",
    "pk": 22,
    "fields": {
      "promoCode": "q",
      "discount": 23
    }
  }
]